id_client,age,genre,situation_matrimoniale,nb_personnes_charge,secteur_activite,anciennete_activite_annees,revenu_mensuel_gnf,membre_tontine,possede_mobile_money,membre_association_marchands,nb_credits_anterieurs,a_deja_eu_retard,jours_retard_max_anterieur,garant_disponible,score_bureau_credit,montant_pret_demande_gnf,duree_pret_mois,ratio_pret_revenu,defaut_paiement
MAD-00001,41,Homme,Marié(e),0,Tissus_Pagnes,1.5,3182000,Oui,Oui,Non,2,1,81,Oui,544,691000,9,0.22,0
MAD-00002,26,Femme,Veuf(ve),0,Vêtements,4.1,4394000,Non,Oui,Non,1,0,0,Oui,691,5055000,24,1.15,0
MAD-00003,46,Femme,Célibataire,3,Vêtements,16.4,2939000,Non,Oui,Non,1,0,0,Oui,520,489000,3,0.17,0
MAD-00004,48,Femme,Marié(e),4,Cosmétiques,4.3,4987000,Non,Oui,Non,0,0,0,Oui,617,6581000,12,1.32,0
MAD-00005,18,Femme,Célibataire,1,Chaussures,1.6,1518000,Non,Oui,Oui,0,0,0,Oui,587,300000,12,0.2,0
MAD-00006,23,Femme,Veuf(ve),5,Électronique_Téléphonie,2.1,5696000,Oui,Oui,Non,0,0,0,Oui,678,2280000,6,0.4,0
MAD-00007,39,Femme,Marié(e),3,Vêtements,3.1,3036000,Oui,Non,Oui,2,1,36,Oui,589,1464000,12,0.48,0
MAD-00008,34,Homme,Célibataire,4,Alimentation,0.3,2890000,Non,Non,Oui,0,0,0,Non,544,1662000,9,0.58,0
MAD-00009,37,Femme,Divorcé(e),4,Tissus_Pagnes,2.8,2104000,Non,Oui,Oui,1,0,0,Non,569,562000,6,0.27,0
MAD-00010,28,Femme,Marié(e),3,Tissus_Pagnes,3.7,1617000,Non,Oui,Oui,1,1,22,Oui,715,817000,6,0.51,0
MAD-00011,47,Femme,Divorcé(e),1,Alimentation,18.4,1735000,Non,Oui,Oui,2,1,8,Non,435,875000,6,0.5,0
MAD-00012,46,Femme,Marié(e),2,Quincaillerie,15.0,2394000,Non,Oui,Non,7,1,74,Non,552,797000,6,0.33,0
MAD-00013,38,Femme,Célibataire,8,Divers,5.2,4243000,Oui,Oui,Non,2,0,0,Oui,731,4802000,12,1.13,0
MAD-00014,50,Femme,Célibataire,3,Alimentation,3.4,1845000,Oui,Oui,Non,1,0,0,Non,672,1712000,12,0.93,0
MAD-00015,43,Femme,Célibataire,3,Électronique_Téléphonie,1.8,1316000,Non,Oui,Oui,1,0,0,Oui,777,2206000,18,1.68,0
MAD-00016,28,Homme,Marié(e),6,Cosmétiques,3.3,1893000,Oui,Oui,Non,1,0,0,Non,704,975000,9,0.52,0
MAD-00017,42,Homme,Célibataire,2,Vêtements,0.6,2412000,Oui,Oui,Oui,1,0,0,Oui,654,1189000,6,0.49,0
MAD-00018,27,Femme,Marié(e),5,Cosmétiques,1.6,2494000,Oui,Non,Non,0,1,25,Oui,540,300000,3,0.12,0
MAD-00019,47,Femme,Marié(e),1,Alimentation,5.2,2911000,Non,Oui,Non,1,0,0,Non,636,1278000,12,0.44,1
MAD-00020,37,Homme,Marié(e),3,Alimentation,23.3,5919000,Non,Oui,Oui,0,1,40,Non,601,2004000,3,0.34,0
MAD-00021,35,Homme,Célibataire,4,Divers,12.5,6255000,Non,Oui,Non,2,1,88,Oui,468,1170000,6,0.19,0
MAD-00022,30,Femme,Marié(e),3,Cosmétiques,12.2,9279000,Oui,Non,Non,2,0,0,Non,553,5281000,12,0.57,0
MAD-00023,51,Homme,Marié(e),2,Vêtements,6.9,1417000,Oui,Oui,Oui,1,0,0,Non,511,300000,12,0.21,0
MAD-00024,36,Homme,Divorcé(e),2,Tissus_Pagnes,24.3,2576000,Oui,Oui,Non,1,1,8,Oui,624,300000,3,0.12,0
MAD-00025,33,Homme,Marié(e),2,Divers,2.7,4424000,Non,Oui,Non,3,0,0,Oui,466,1777000,12,0.4,0
MAD-00026,34,Femme,Marié(e),1,Tissus_Pagnes,0.8,2328000,Oui,Oui,Oui,3,1,74,Oui,466,300000,3,0.13,0
MAD-00027,43,Femme,Marié(e),0,Quincaillerie,1.2,4785000,Non,Oui,Oui,0,0,0,Non,381,3780000,12,0.79,1
MAD-00028,42,Femme,Marié(e),1,Électronique_Téléphonie,0.2,3321000,Oui,Non,Non,0,0,0,Oui,694,2864000,12,0.86,1
MAD-00029,42,Femme,Célibataire,4,Vêtements,4.0,7170000,Non,Oui,Non,2,0,0,Oui,703,2853000,12,0.4,0
MAD-00030,42,Femme,Marié(e),3,Chaussures,10.3,5558000,Oui,Oui,Oui,1,0,0,Oui,627,643000,3,0.12,0
MAD-00031,61,Femme,Marié(e),2,Cosmétiques,3.2,5398000,Non,Oui,Non,2,1,55,Oui,682,4150000,9,0.77,0
MAD-00032,33,Femme,Veuf(ve),3,Chaussures,10.1,2661000,Non,Oui,Oui,4,0,0,Oui,721,1612000,6,0.61,0
MAD-00033,32,Femme,Divorcé(e),3,Vêtements,5.0,2954000,Oui,Oui,Non,0,0,0,Oui,663,2386000,9,0.81,1
MAD-00034,29,Homme,Célibataire,5,Alimentation,1.7,2552000,Oui,Oui,Non,0,0,0,Oui,609,1052000,24,0.41,0
MAD-00035,44,Femme,Divorcé(e),1,Alimentation,3.7,1403000,Oui,Non,Non,2,1,19,Oui,560,371000,3,0.26,0
MAD-00036,50,Femme,Divorcé(e),0,Cosmétiques,0.3,6655000,Oui,Oui,Non,4,0,0,Oui,670,6270000,9,0.94,1
MAD-00037,36,Homme,Marié(e),2,Chaussures,1.3,4496000,Non,Non,Non,4,1,69,Oui,483,430000,6,0.1,0
MAD-00038,28,Homme,Célibataire,1,Chaussures,12.3,2816000,Oui,Non,Non,1,0,0,Oui,669,2164000,9,0.77,0
MAD-00039,28,Homme,Célibataire,3,Cosmétiques,10.0,6362000,Non,Oui,Oui,1,1,41,Non,594,3662000,9,0.58,0
MAD-00040,45,Homme,Marié(e),5,Alimentation,14.6,2529000,Oui,Oui,Oui,0,1,43,Oui,534,1142000,9,0.45,0
MAD-00041,46,Homme,Marié(e),5,Alimentation,7.1,1289000,Non,Non,Non,0,1,79,Oui,580,943000,12,0.73,1
MAD-00042,43,Femme,Marié(e),4,Électronique_Téléphonie,1.4,5190000,Oui,Non,Oui,2,0,0,Non,599,8646000,24,1.67,1
MAD-00043,30,Femme,Célibataire,4,Tissus_Pagnes,24.4,2196000,Oui,Oui,Oui,1,1,32,Non,573,3450000,18,1.57,0
MAD-00044,40,Femme,Célibataire,1,Électronique_Téléphonie,0.8,2680000,Oui,Non,Non,1,0,0,Non,532,5530000,24,2.06,0
MAD-00045,39,Femme,Célibataire,1,Alimentation,3.1,3406000,Non,Oui,Non,3,1,64,Non,479,422000,6,0.12,1
MAD-00046,40,Homme,Marié(e),2,Vêtements,0.4,3668000,Oui,Oui,Oui,1,1,64,Oui,718,3708000,24,1.01,1
MAD-00047,47,Femme,Marié(e),4,Quincaillerie,4.0,4837000,Non,Oui,Oui,1,0,0,Oui,518,1761000,6,0.36,1
MAD-00048,40,Femme,Marié(e),3,Alimentation,0.7,4092000,Oui,Oui,Oui,2,1,15,Oui,636,1199000,3,0.29,1
MAD-00049,45,Femme,Marié(e),3,Alimentation,1.7,4054000,Non,Oui,Oui,1,1,15,Oui,536,304000,9,0.07,0
MAD-00050,38,Femme,Divorcé(e),1,Cosmétiques,9.4,2197000,Non,Oui,Oui,2,1,22,Non,367,568000,6,0.26,0
MAD-00051,41,Femme,Divorcé(e),4,Cosmétiques,2.1,3541000,Oui,Oui,Non,1,0,0,Non,670,856000,12,0.24,0
MAD-00052,44,Femme,Divorcé(e),5,Divers,0.1,1295000,Non,Non,Non,0,1,43,Non,485,300000,3,0.23,1
MAD-00053,21,Homme,Divorcé(e),0,Quincaillerie,7.2,7200000,Oui,Oui,Oui,2,0,0,Non,648,5377000,9,0.75,0
MAD-00054,34,Femme,Veuf(ve),2,Chaussures,3.1,1461000,Non,Oui,Oui,1,1,35,Non,636,395000,6,0.27,0
MAD-00055,32,Homme,Marié(e),3,Alimentation,1.6,2493000,Oui,Oui,Non,2,0,0,Oui,641,300000,6,0.12,0
MAD-00056,30,Homme,Marié(e),0,Tissus_Pagnes,4.4,1564000,Non,Oui,Oui,1,0,0,Non,629,1531000,18,0.98,0
MAD-00057,34,Femme,Marié(e),3,Quincaillerie,3.3,2079000,Oui,Oui,Oui,2,0,0,Oui,541,2044000,9,0.98,1
MAD-00058,54,Femme,Marié(e),2,Tissus_Pagnes,10.2,3286000,Oui,Oui,Oui,1,0,0,Oui,683,300000,6,0.09,0
MAD-00059,28,Homme,Marié(e),5,Divers,6.1,2395000,Non,Oui,Non,1,0,0,Oui,582,2059000,12,0.86,0
MAD-00060,48,Femme,Marié(e),5,Cosmétiques,3.0,5640000,Oui,Non,Oui,0,1,77,Non,324,9901000,18,1.76,1
MAD-00061,19,Homme,Veuf(ve),3,Alimentation,0.8,3375000,Oui,Oui,Oui,3,1,75,Non,581,1734000,9,0.51,1
MAD-00062,34,Femme,Marié(e),3,Tissus_Pagnes,1.6,2341000,Oui,Oui,Non,2,0,0,Oui,721,1496000,6,0.64,0
MAD-00063,39,Femme,Veuf(ve),1,Chaussures,4.6,2886000,Non,Non,Non,1,1,19,Non,704,2898000,24,1.0,0
MAD-00064,44,Homme,Célibataire,1,Alimentation,9.0,6055000,Oui,Oui,Non,0,0,0,Oui,815,3433000,6,0.57,0
MAD-00065,45,Femme,Célibataire,1,Vêtements,7.6,5104000,Oui,Oui,Non,1,0,0,Non,689,2713000,6,0.53,0
MAD-00066,46,Femme,Célibataire,7,Chaussures,3.7,1692000,Non,Oui,Non,2,0,0,Oui,646,300000,3,0.18,0
MAD-00067,34,Homme,Marié(e),3,Alimentation,10.3,2343000,Non,Oui,Oui,1,0,0,Oui,698,300000,3,0.13,0
MAD-00068,32,Femme,Célibataire,0,Vêtements,2.1,3904000,Oui,Oui,Oui,2,0,0,Oui,540,3119000,24,0.8,0
MAD-00069,47,Femme,Marié(e),3,Chaussures,0.5,3607000,Oui,Non,Oui,2,0,0,Non,469,721000,24,0.2,0
MAD-00070,35,Femme,Veuf(ve),4,Chaussures,9.8,1954000,Oui,Oui,Oui,1,0,0,Non,577,1287000,9,0.66,1
MAD-00071,23,Femme,Marié(e),1,Tissus_Pagnes,8.7,4727000,Non,Non,Oui,0,0,0,Oui,714,3982000,12,0.84,1
MAD-00072,25,Homme,Marié(e),5,Divers,1.3,1851000,Oui,Oui,Oui,1,1,51,Oui,484,2010000,18,1.09,1
MAD-00073,27,Homme,Célibataire,5,Quincaillerie,1.6,6107000,Oui,Oui,Non,3,0,0,Oui,661,3038000,9,0.5,0
MAD-00074,43,Femme,Célibataire,0,Tissus_Pagnes,16.5,4453000,Oui,Oui,Non,2,1,28,Non,629,4931000,12,1.11,0
MAD-00075,39,Homme,Marié(e),3,Alimentation,8.7,1848000,Oui,Oui,Oui,0,1,30,Oui,596,2917000,24,1.58,0
MAD-00076,45,Femme,Célibataire,4,Chaussures,2.1,2274000,Oui,Oui,Non,2,1,49,Non,431,607000,6,0.27,1
MAD-00077,33,Femme,Marié(e),2,Vêtements,1.6,2238000,Non,Oui,Oui,0,0,0,Oui,630,416000,3,0.19,0
MAD-00078,39,Femme,Célibataire,6,Électronique_Téléphonie,17.2,3746000,Oui,Oui,Non,2,0,0,Oui,582,4923000,12,1.31,0
MAD-00079,44,Homme,Marié(e),2,Cosmétiques,7.9,2881000,Oui,Oui,Non,2,1,60,Non,683,2554000,12,0.89,0
MAD-00080,34,Femme,Marié(e),1,Vêtements,0.7,1596000,Non,Oui,Oui,3,1,1,Non,700,465000,6,0.29,0
MAD-00081,43,Femme,Marié(e),3,Tissus_Pagnes,0.6,1392000,Oui,Oui,Oui,1,1,19,Oui,556,478000,6,0.34,0
MAD-00082,30,Femme,Marié(e),2,Tissus_Pagnes,3.7,4112000,Oui,Oui,Non,1,0,0,Oui,778,3450000,12,0.84,0
MAD-00083,34,Homme,Marié(e),3,Quincaillerie,8.1,3705000,Oui,Oui,Non,0,0,0,Oui,650,1594000,9,0.43,0
MAD-00084,33,Femme,Marié(e),3,Alimentation,5.1,3288000,Non,Oui,Non,0,0,0,Oui,449,2698000,18,0.82,0
MAD-00085,24,Femme,Marié(e),3,Quincaillerie,3.1,3526000,Oui,Oui,Oui,2,0,0,Oui,612,3684000,18,1.04,0
MAD-00086,43,Homme,Marié(e),3,Alimentation,10.8,2429000,Non,Oui,Oui,1,1,48,Non,675,2105000,9,0.87,0
MAD-00087,32,Femme,Marié(e),3,Chaussures,5.3,3432000,Oui,Oui,Oui,0,0,0,Oui,546,3217000,12,0.94,0
MAD-00088,38,Femme,Marié(e),3,Quincaillerie,8.4,12201000,Oui,Oui,Non,1,0,0,Oui,613,7042000,12,0.58,0
MAD-00089,43,Femme,Célibataire,4,Vêtements,0.2,5649000,Oui,Oui,Oui,2,0,0,Oui,497,1357000,3,0.24,0
MAD-00090,42,Femme,Veuf(ve),3,Alimentation,8.3,2773000,Oui,Non,Oui,0,0,0,Oui,511,1461000,9,0.53,0
MAD-00091,45,Femme,Marié(e),3,Électronique_Téléphonie,11.1,2551000,Oui,Non,Non,1,0,0,Oui,544,1537000,9,0.6,0
MAD-00092,36,Homme,Divorcé(e),4,Électronique_Téléphonie,15.4,1075000,Non,Oui,Non,2,0,0,Non,489,1251000,18,1.16,0
MAD-00093,33,Femme,Marié(e),3,Vêtements,3.3,5423000,Oui,Oui,Oui,2,0,0,Oui,564,813000,18,0.15,0
MAD-00094,37,Homme,Marié(e),3,Tissus_Pagnes,10.0,4859000,Oui,Oui,Non,2,0,0,Non,776,300000,3,0.06,0
MAD-00095,19,Homme,Célibataire,5,Électronique_Téléphonie,1.0,2223000,Non,Oui,Non,1,1,7,Oui,586,2561000,18,1.15,1
MAD-00096,22,Femme,Célibataire,4,Alimentation,9.4,1628000,Oui,Oui,Non,0,0,0,Oui,690,723000,12,0.44,0
MAD-00097,23,Femme,Divorcé(e),2,Cosmétiques,0.6,1585000,Oui,Oui,Oui,0,0,0,Oui,718,300000,3,0.19,0
MAD-00098,27,Homme,Marié(e),4,Tissus_Pagnes,13.6,4185000,Oui,Oui,Non,2,1,4,Non,514,949000,6,0.23,0
MAD-00099,42,Femme,Célibataire,5,Alimentation,9.8,3110000,Oui,Oui,Oui,0,0,0,Oui,545,4560000,18,1.47,0
MAD-00100,28,Homme,Marié(e),3,Électronique_Téléphonie,0.8,4351000,Non,Oui,Non,1,0,0,Non,668,1756000,6,0.4,0
MAD-00101,33,Homme,Marié(e),3,Vêtements,1.8,3156000,Non,Oui,Non,0,0,0,Oui,542,2940000,12,0.93,0
MAD-00102,52,Femme,Marié(e),5,Quincaillerie,0.3,5043000,Oui,Non,Non,0,1,45,Non,615,3162000,9,0.63,1
MAD-00103,34,Femme,Veuf(ve),3,Cosmétiques,7.4,3847000,Non,Non,Non,2,0,0,Oui,750,1224000,9,0.32,0
MAD-00104,46,Femme,Marié(e),1,Tissus_Pagnes,13.9,5083000,Oui,Oui,Non,1,1,4,Oui,483,3557000,9,0.7,1
MAD-00105,27,Femme,Divorcé(e),8,Tissus_Pagnes,6.5,1132000,Non,Non,Oui,1,0,0,Non,567,743000,9,0.66,1
MAD-00106,35,Femme,Célibataire,3,Vêtements,2.0,1560000,Non,Non,Oui,3,0,0,Oui,582,1556000,18,1.0,0
MAD-00107,27,Femme,Célibataire,2,Électronique_Téléphonie,3.8,2535000,Oui,Oui,Oui,2,0,0,Oui,572,1364000,9,0.54,0
MAD-00108,34,Homme,Célibataire,2,Cosmétiques,17.8,5890000,Oui,Oui,Non,1,1,7,Non,554,2762000,6,0.47,0
MAD-00109,47,Homme,Divorcé(e),2,Chaussures,12.3,8690000,Non,Non,Oui,1,0,0,Non,555,3097000,9,0.36,0
MAD-00110,18,Homme,Marié(e),1,Tissus_Pagnes,9.6,2990000,Oui,Oui,Non,1,0,0,Non,618,3069000,12,1.03,0
MAD-00111,42,Femme,Marié(e),2,Vêtements,9.6,2401000,Oui,Oui,Non,2,1,38,Oui,577,1566000,9,0.65,0
MAD-00112,40,Femme,Célibataire,2,Alimentation,35.0,2059000,Non,Oui,Non,1,0,0,Oui,685,1443000,12,0.7,0
MAD-00113,31,Femme,Marié(e),4,Chaussures,2.1,4819000,Oui,Oui,Oui,1,0,0,Oui,617,2794000,6,0.58,0
MAD-00114,22,Femme,Marié(e),4,Vêtements,10.1,2489000,Oui,Oui,Non,1,0,0,Oui,720,582000,9,0.23,0
MAD-00115,38,Homme,Marié(e),2,Tissus_Pagnes,0.9,15080000,Oui,Non,Non,1,0,0,Oui,566,12711000,18,0.84,0
MAD-00116,32,Femme,Marié(e),2,Tissus_Pagnes,2.8,2054000,Non,Oui,Non,2,0,0,Oui,491,763000,9,0.37,0
MAD-00117,40,Femme,Marié(e),2,Tissus_Pagnes,3.6,9524000,Oui,Oui,Non,1,1,43,Oui,528,7690000,12,0.81,0
MAD-00118,38,Homme,Marié(e),4,Chaussures,1.2,4500000,Oui,Oui,Oui,1,0,0,Oui,661,4746000,12,1.05,0
MAD-00119,55,Femme,Divorcé(e),2,Cosmétiques,5.0,1830000,Oui,Oui,Oui,3,0,0,Oui,697,741000,12,0.4,0
MAD-00120,35,Femme,Marié(e),4,Divers,7.0,3571000,Oui,Oui,Non,0,0,0,Oui,751,3020000,6,0.85,0
MAD-00121,26,Femme,Veuf(ve),0,Alimentation,8.0,4761000,Non,Oui,Non,1,0,0,Oui,626,2386000,12,0.5,0
MAD-00122,39,Femme,Veuf(ve),5,Cosmétiques,10.5,2928000,Oui,Oui,Non,2,0,0,Oui,687,1775000,9,0.61,0
MAD-00123,40,Homme,Marié(e),3,Alimentation,4.4,4822000,Non,Oui,Non,2,0,0,Non,723,1690000,6,0.35,0
MAD-00124,52,Femme,Célibataire,3,Électronique_Téléphonie,5.0,4783000,Oui,Non,Non,2,0,0,Oui,549,2561000,9,0.54,0
MAD-00125,47,Homme,Célibataire,7,Cosmétiques,1.5,4151000,Non,Non,Non,4,0,0,Oui,581,1439000,9,0.35,0
MAD-00126,41,Homme,Célibataire,2,Tissus_Pagnes,16.3,3420000,Oui,Oui,Non,1,0,0,Non,850,872000,3,0.25,0
MAD-00127,54,Homme,Marié(e),0,Électronique_Téléphonie,2.7,1631000,Non,Oui,Non,4,0,0,Oui,677,724000,12,0.44,0
MAD-00128,24,Femme,Marié(e),1,Tissus_Pagnes,0.5,2851000,Oui,Oui,Oui,4,0,0,Oui,665,362000,9,0.13,0
MAD-00129,30,Femme,Marié(e),4,Vêtements,3.6,3367000,Non,Non,Oui,3,1,88,Non,548,306000,3,0.09,0
MAD-00130,27,Homme,Célibataire,3,Tissus_Pagnes,5.3,1213000,Oui,Non,Oui,0,0,0,Non,499,688000,6,0.57,0
MAD-00131,33,Femme,Veuf(ve),2,Alimentation,17.4,3768000,Oui,Oui,Oui,3,0,0,Non,561,4051000,12,1.08,0
MAD-00132,22,Femme,Célibataire,3,Quincaillerie,1.4,2847000,Oui,Non,Non,0,1,76,Non,414,300000,9,0.11,0
MAD-00133,44,Homme,Célibataire,4,Chaussures,5.9,1627000,Oui,Oui,Non,4,0,0,Non,657,1536000,12,0.94,0
MAD-00134,35,Femme,Veuf(ve),4,Chaussures,3.6,2571000,Oui,Oui,Oui,1,1,33,Oui,537,300000,9,0.12,0
MAD-00135,21,Homme,Célibataire,1,Électronique_Téléphonie,0.7,2513000,Non,Oui,Oui,2,0,0,Oui,608,2608000,18,1.04,0
MAD-00136,26,Homme,Marié(e),1,Électronique_Téléphonie,4.1,8674000,Non,Oui,Non,2,0,0,Oui,572,732000,3,0.08,0
MAD-00137,41,Homme,Divorcé(e),3,Tissus_Pagnes,0.4,3351000,Oui,Oui,Non,0,0,0,Oui,473,3241000,12,0.97,0
MAD-00138,47,Femme,Marié(e),2,Alimentation,8.1,5472000,Non,Oui,Non,3,0,0,Non,679,2370000,6,0.43,0
MAD-00139,59,Homme,Marié(e),2,Vêtements,0.6,2790000,Oui,Non,Oui,1,1,21,Oui,429,1386000,6,0.5,0
MAD-00140,70,Femme,Marié(e),4,Quincaillerie,4.0,1175000,Oui,Non,Oui,1,0,0,Non,554,1437000,24,1.22,0
MAD-00141,42,Homme,Veuf(ve),2,Quincaillerie,3.3,4380000,Non,Oui,Non,1,1,8,Oui,469,4222000,18,0.96,0
MAD-00142,27,Homme,Marié(e),2,Chaussures,19.2,2636000,Oui,Oui,Non,0,1,48,Oui,468,330000,6,0.13,0
MAD-00143,18,Homme,Marié(e),5,Alimentation,3.9,2576000,Oui,Oui,Non,1,0,0,Non,638,300000,3,0.12,0
MAD-00144,40,Femme,Marié(e),3,Alimentation,2.0,1718000,Oui,Oui,Non,1,0,0,Oui,731,2537000,18,1.48,0
MAD-00145,29,Femme,Marié(e),7,Électronique_Téléphonie,6.8,3283000,Oui,Non,Oui,3,1,40,Oui,419,1330000,6,0.41,1
MAD-00146,33,Femme,Marié(e),0,Alimentation,0.7,5335000,Oui,Oui,Oui,3,1,84,Oui,443,7803000,24,1.46,1
MAD-00147,31,Femme,Célibataire,3,Cosmétiques,3.2,5037000,Oui,Oui,Oui,0,0,0,Oui,462,2717000,6,0.54,1
MAD-00148,36,Femme,Divorcé(e),3,Vêtements,2.1,7140000,Oui,Non,Oui,1,1,13,Oui,546,1660000,9,0.23,0
MAD-00149,49,Femme,Marié(e),4,Vêtements,35.0,8701000,Non,Oui,Oui,2,0,0,Non,606,1993000,3,0.23,0
MAD-00150,39,Femme,Marié(e),2,Cosmétiques,1.3,999000,Non,Oui,Oui,3,1,5,Non,661,300000,9,0.3,0
MAD-00151,36,Homme,Marié(e),3,Divers,18.3,2083000,Oui,Oui,Oui,2,0,0,Non,429,1191000,6,0.57,0
MAD-00152,26,Homme,Marié(e),2,Chaussures,1.0,1124000,Oui,Non,Non,1,0,0,Non,669,728000,9,0.65,0
MAD-00153,19,Femme,Célibataire,4,Tissus_Pagnes,3.0,4277000,Oui,Non,Oui,1,0,0,Non,532,6347000,18,1.48,0
MAD-00154,32,Homme,Célibataire,1,Tissus_Pagnes,1.2,2056000,Oui,Oui,Non,1,0,0,Oui,510,503000,6,0.24,1
MAD-00155,37,Femme,Célibataire,3,Quincaillerie,7.7,2491000,Oui,Oui,Oui,1,0,0,Non,626,3374000,12,1.35,0
MAD-00156,57,Femme,Marié(e),0,Cosmétiques,10.4,2938000,Non,Oui,Oui,1,0,0,Non,656,1909000,6,0.65,0
MAD-00157,39,Femme,Célibataire,4,Tissus_Pagnes,1.6,3699000,Non,Oui,Oui,3,1,33,Oui,541,3067000,12,0.83,0
MAD-00158,48,Homme,Marié(e),6,Chaussures,6.4,1499000,Oui,Oui,Oui,2,0,0,Oui,521,789000,6,0.53,0
MAD-00159,32,Homme,Marié(e),2,Vêtements,7.2,1696000,Non,Oui,Oui,4,0,0,Non,590,1034000,12,0.61,0
MAD-00160,24,Homme,Veuf(ve),1,Alimentation,3.4,3062000,Non,Oui,Non,0,0,0,Non,534,978000,12,0.32,0
MAD-00161,27,Homme,Célibataire,0,Électronique_Téléphonie,5.8,5893000,Non,Oui,Non,3,0,0,Non,654,8298000,18,1.41,0
MAD-00162,30,Homme,Veuf(ve),3,Cosmétiques,3.8,3031000,Oui,Oui,Oui,1,0,0,Oui,716,1929000,18,0.64,0
MAD-00163,61,Femme,Divorcé(e),3,Alimentation,13.6,2322000,Non,Oui,Oui,2,0,0,Non,691,1269000,6,0.55,0
MAD-00164,28,Femme,Célibataire,4,Vêtements,2.0,968000,Non,Oui,Oui,1,1,26,Oui,559,300000,3,0.31,0
MAD-00165,47,Femme,Veuf(ve),4,Divers,1.0,5025000,Oui,Oui,Non,2,1,33,Non,671,968000,3,0.19,0
MAD-00166,28,Homme,Marié(e),1,Cosmétiques,7.2,2189000,Non,Oui,Oui,3,1,53,Non,428,1650000,12,0.75,1
MAD-00167,48,Femme,Marié(e),1,Cosmétiques,4.3,1703000,Non,Oui,Oui,4,1,81,Non,638,849000,6,0.5,0
MAD-00168,42,Femme,Marié(e),4,Alimentation,8.0,1391000,Oui,Oui,Non,0,1,22,Non,494,1632000,18,1.17,0
MAD-00169,36,Homme,Marié(e),1,Divers,1.1,1373000,Oui,Oui,Non,0,1,58,Oui,350,1589000,24,1.16,1
MAD-00170,37,Femme,Marié(e),1,Quincaillerie,4.3,1872000,Oui,Oui,Non,2,0,0,Non,742,300000,3,0.16,0
MAD-00171,30,Homme,Marié(e),5,Tissus_Pagnes,0.2,2600000,Non,Oui,Oui,2,1,71,Non,429,1284000,6,0.49,0
MAD-00172,42,Femme,Célibataire,6,Vêtements,3.0,1611000,Oui,Oui,Oui,2,0,0,Oui,630,979000,9,0.61,0
MAD-00173,32,Homme,Célibataire,1,Chaussures,3.2,3372000,Oui,Oui,Oui,1,0,0,Oui,527,3861000,9,1.15,0
MAD-00174,24,Homme,Célibataire,2,Électronique_Téléphonie,3.8,2697000,Oui,Oui,Non,4,0,0,Non,832,1358000,9,0.5,0
MAD-00175,23,Femme,Marié(e),0,Électronique_Téléphonie,7.1,10253000,Non,Oui,Non,2,0,0,Oui,763,4053000,6,0.4,0
MAD-00176,39,Homme,Célibataire,1,Divers,0.0,1158000,Non,Oui,Oui,1,0,0,Oui,739,1386000,18,1.2,0
MAD-00177,55,Femme,Marié(e),1,Cosmétiques,25.5,3998000,Oui,Oui,Non,0,0,0,Non,627,3579000,12,0.9,0
MAD-00178,39,Femme,Marié(e),4,Vêtements,4.9,3402000,Oui,Non,Non,2,0,0,Oui,708,697000,6,0.2,0
MAD-00179,36,Femme,Marié(e),2,Tissus_Pagnes,15.9,2155000,Oui,Oui,Non,2,1,16,Oui,591,365000,3,0.17,0
MAD-00180,41,Homme,Marié(e),1,Électronique_Téléphonie,2.4,3189000,Oui,Non,Oui,2,0,0,Non,720,3024000,12,0.95,1
MAD-00181,52,Femme,Marié(e),2,Vêtements,1.3,4556000,Non,Oui,Oui,1,0,0,Oui,563,684000,3,0.15,1
MAD-00182,40,Femme,Divorcé(e),1,Vêtements,1.3,3158000,Oui,Non,Oui,1,0,0,Non,762,4439000,18,1.41,0
MAD-00183,33,Homme,Célibataire,2,Chaussures,8.6,6592000,Non,Non,Non,4,0,0,Oui,558,3604000,9,0.55,0
MAD-00184,50,Femme,Célibataire,1,Tissus_Pagnes,1.1,926000,Non,Oui,Oui,0,1,68,Non,466,1520000,24,1.64,1
MAD-00185,42,Femme,Marié(e),6,Électronique_Téléphonie,8.8,2125000,Non,Oui,Oui,2,0,0,Oui,558,2221000,12,1.05,0
MAD-00186,54,Femme,Divorcé(e),1,Alimentation,0.2,6664000,Oui,Oui,Non,0,0,0,Non,637,6315000,18,0.95,1
MAD-00187,40,Femme,Célibataire,2,Vêtements,7.0,5095000,Oui,Oui,Non,2,1,79,Non,466,1347000,12,0.26,1
MAD-00188,24,Homme,Marié(e),2,Vêtements,0.6,4000000,Oui,Oui,Non,2,0,0,Non,663,1860000,9,0.46,0
MAD-00189,22,Femme,Célibataire,3,Chaussures,6.8,6032000,Non,Non,Non,2,0,0,Oui,556,1364000,6,0.23,0
MAD-00190,56,Femme,Marié(e),2,Chaussures,0.5,1046000,Non,Oui,Non,1,0,0,Oui,671,300000,12,0.29,0
MAD-00191,56,Homme,Marié(e),5,Tissus_Pagnes,0.6,4600000,Non,Non,Non,0,0,0,Oui,736,2305000,9,0.5,0
MAD-00192,36,Femme,Marié(e),3,Tissus_Pagnes,8.9,5579000,Non,Non,Oui,1,1,74,Oui,495,3179000,9,0.57,0
MAD-00193,33,Homme,Marié(e),3,Alimentation,10.6,2377000,Oui,Non,Oui,4,0,0,Oui,819,1794000,9,0.75,0
MAD-00194,54,Femme,Marié(e),8,Chaussures,5.0,12711000,Oui,Oui,Oui,0,0,0,Non,721,2277000,6,0.18,0
MAD-00195,25,Homme,Marié(e),4,Divers,3.9,3412000,Non,Oui,Oui,2,1,27,Oui,751,1859000,9,0.54,0
MAD-00196,28,Homme,Marié(e),4,Chaussures,4.6,1024000,Oui,Non,Non,0,0,0,Oui,614,300000,3,0.29,0
MAD-00197,45,Homme,Veuf(ve),2,Vêtements,6.7,3849000,Non,Oui,Non,1,0,0,Oui,450,1523000,9,0.4,0
MAD-00198,33,Femme,Marié(e),3,Cosmétiques,2.3,2060000,Non,Oui,Oui,0,0,0,Non,536,1330000,9,0.65,0
MAD-00199,37,Femme,Marié(e),6,Vêtements,2.1,5677000,Non,Oui,Non,2,0,0,Non,545,10042000,18,1.77,0
MAD-00200,36,Homme,Marié(e),2,Alimentation,13.8,4412000,Non,Oui,Non,2,0,0,Oui,514,467000,9,0.11,0
MAD-00201,41,Femme,Divorcé(e),2,Alimentation,7.5,2354000,Oui,Non,Non,1,0,0,Oui,422,2761000,18,1.17,0
MAD-00202,53,Femme,Célibataire,3,Alimentation,2.6,6837000,Oui,Oui,Non,2,0,0,Oui,712,14342000,24,2.1,0
MAD-00203,38,Femme,Divorcé(e),2,Alimentation,1.0,4989000,Oui,Oui,Oui,1,0,0,Non,452,742000,3,0.15,0
MAD-00204,45,Homme,Marié(e),3,Électronique_Téléphonie,7.3,2095000,Non,Oui,Oui,1,1,8,Non,671,1754000,9,0.84,1
MAD-00205,18,Homme,Marié(e),0,Vêtements,11.5,3066000,Oui,Oui,Oui,1,0,0,Oui,816,1365000,6,0.45,0
MAD-00206,37,Femme,Célibataire,3,Chaussures,7.5,4156000,Non,Oui,Non,0,1,27,Oui,489,7673000,18,1.85,1
MAD-00207,28,Homme,Marié(e),2,Quincaillerie,7.6,2649000,Oui,Oui,Oui,1,0,0,Non,654,1738000,9,0.66,1
MAD-00208,24,Femme,Divorcé(e),1,Cosmétiques,4.8,2605000,Oui,Oui,Non,2,0,0,Non,584,818000,3,0.31,0
MAD-00209,28,Femme,Divorcé(e),5,Tissus_Pagnes,0.2,3024000,Oui,Oui,Oui,1,1,35,Oui,641,1194000,6,0.39,1
MAD-00210,34,Femme,Marié(e),1,Chaussures,0.4,1658000,Non,Oui,Non,5,0,0,Oui,492,480000,12,0.29,0
MAD-00211,48,Femme,Veuf(ve),5,Alimentation,0.7,887000,Oui,Oui,Non,0,0,0,Oui,608,300000,3,0.34,0
MAD-00212,23,Femme,Célibataire,1,Tissus_Pagnes,1.7,3425000,Oui,Oui,Oui,0,1,33,Non,671,1722000,6,0.5,0
MAD-00213,38,Homme,Marié(e),3,Tissus_Pagnes,8.7,1252000,Oui,Non,Non,2,1,16,Oui,591,1877000,18,1.5,0
MAD-00214,32,Homme,Marié(e),6,Électronique_Téléphonie,0.8,1737000,Oui,Non,Non,2,0,0,Non,473,300000,3,0.17,0
MAD-00215,34,Femme,Marié(e),5,Électronique_Téléphonie,0.5,1131000,Non,Oui,Non,0,0,0,Non,711,1404000,12,1.24,1
MAD-00216,49,Femme,Divorcé(e),2,Électronique_Téléphonie,1.6,1243000,Oui,Oui,Non,2,0,0,Non,503,738000,12,0.59,0
MAD-00217,43,Femme,Marié(e),4,Chaussures,1.3,3779000,Oui,Oui,Non,0,1,4,Non,621,1585000,6,0.42,0
MAD-00218,52,Homme,Marié(e),3,Tissus_Pagnes,4.7,2759000,Oui,Non,Oui,1,0,0,Oui,672,573000,3,0.21,0
MAD-00219,36,Homme,Célibataire,1,Électronique_Téléphonie,0.3,2575000,Oui,Non,Non,1,0,0,Non,630,300000,3,0.12,0
MAD-00220,30,Homme,Marié(e),4,Électronique_Téléphonie,3.0,1524000,Oui,Oui,Oui,0,0,0,Non,848,2033000,24,1.33,1
MAD-00221,35,Femme,Marié(e),2,Tissus_Pagnes,13.7,2473000,Oui,Oui,Oui,3,0,0,Non,686,3497000,12,1.41,0
MAD-00222,40,Femme,Célibataire,3,Divers,6.5,3833000,Oui,Oui,Oui,3,1,23,Oui,567,811000,6,0.21,0
MAD-00223,39,Femme,Marié(e),2,Électronique_Téléphonie,19.6,3462000,Oui,Oui,Non,1,0,0,Oui,674,4609000,18,1.33,0
MAD-00224,26,Femme,Marié(e),5,Tissus_Pagnes,7.8,4884000,Oui,Non,Oui,3,0,0,Non,638,432000,3,0.09,0
MAD-00225,38,Femme,Marié(e),3,Alimentation,2.0,5089000,Non,Non,Non,0,0,0,Oui,603,535000,3,0.11,0
MAD-00226,40,Femme,Marié(e),1,Vêtements,9.0,2845000,Oui,Non,Oui,0,0,0,Non,641,392000,6,0.14,0
MAD-00227,65,Homme,Marié(e),3,Chaussures,9.8,1362000,Non,Oui,Oui,1,1,82,Oui,437,1338000,12,0.98,1
MAD-00228,58,Femme,Célibataire,3,Alimentation,6.3,2140000,Non,Oui,Oui,0,0,0,Oui,619,704000,9,0.33,0
MAD-00229,28,Femme,Veuf(ve),2,Tissus_Pagnes,9.0,3073000,Non,Non,Oui,1,0,0,Non,554,3320000,12,1.08,0
MAD-00230,34,Homme,Marié(e),2,Cosmétiques,17.1,2443000,Oui,Oui,Oui,3,0,0,Non,449,660000,6,0.27,1
MAD-00231,21,Femme,Veuf(ve),2,Électronique_Téléphonie,4.2,1782000,Non,Oui,Non,2,0,0,Non,702,1316000,12,0.74,1
MAD-00232,31,Homme,Célibataire,3,Électronique_Téléphonie,0.7,3095000,Non,Oui,Oui,1,0,0,Oui,549,3823000,18,1.24,0
MAD-00233,41,Femme,Célibataire,2,Chaussures,3.0,11349000,Non,Oui,Oui,2,1,5,Oui,605,1829000,9,0.16,0
MAD-00234,51,Homme,Célibataire,7,Vêtements,0.7,2282000,Non,Oui,Oui,2,0,0,Oui,531,868000,6,0.38,0
MAD-00235,29,Femme,Célibataire,3,Alimentation,24.9,3700000,Oui,Non,Oui,1,1,72,Non,446,2978000,12,0.8,1
MAD-00236,30,Femme,Divorcé(e),3,Cosmétiques,0.7,1458000,Non,Oui,Non,1,0,0,Oui,506,760000,6,0.52,0
MAD-00237,18,Homme,Marié(e),5,Alimentation,1.6,5909000,Non,Oui,Oui,3,0,0,Oui,685,609000,3,0.1,0
MAD-00238,36,Femme,Marié(e),4,Cosmétiques,5.8,4960000,Oui,Oui,Non,2,0,0,Oui,727,2256000,12,0.45,0
MAD-00239,26,Femme,Marié(e),4,Divers,8.7,4868000,Oui,Oui,Non,1,0,0,Non,622,3278000,9,0.67,0
MAD-00240,32,Femme,Marié(e),2,Tissus_Pagnes,9.2,6525000,Non,Oui,Oui,0,0,0,Non,551,7332000,12,1.12,0
MAD-00241,28,Femme,Célibataire,1,Cosmétiques,5.6,2506000,Oui,Oui,Non,2,0,0,Oui,467,654000,6,0.26,0
MAD-00242,36,Homme,Marié(e),1,Cosmétiques,1.1,2538000,Non,Oui,Oui,1,0,0,Non,671,418000,6,0.16,0
MAD-00243,18,Femme,Marié(e),1,Électronique_Téléphonie,3.5,7681000,Oui,Oui,Non,0,0,0,Oui,559,4647000,12,0.6,0
MAD-00244,21,Femme,Marié(e),3,Tissus_Pagnes,14.6,4627000,Non,Oui,Non,0,0,0,Oui,499,1832000,12,0.4,0
MAD-00245,61,Femme,Marié(e),2,Tissus_Pagnes,4.3,1002000,Oui,Oui,Oui,0,1,10,Oui,607,616000,9,0.61,1
MAD-00246,23,Homme,Célibataire,3,Alimentation,0.1,3802000,Non,Oui,Non,2,0,0,Non,569,1072000,9,0.28,0
MAD-00247,25,Femme,Célibataire,4,Cosmétiques,4.6,2286000,Oui,Oui,Oui,0,0,0,Oui,483,567000,3,0.25,0
MAD-00248,58,Homme,Marié(e),0,Vêtements,0.2,4854000,Non,Oui,Non,2,0,0,Oui,475,2781000,9,0.57,0
MAD-00249,69,Homme,Marié(e),5,Tissus_Pagnes,5.2,3858000,Oui,Oui,Non,2,0,0,Non,650,7725000,24,2.0,0
MAD-00250,25,Femme,Marié(e),4,Chaussures,25.4,1898000,Oui,Oui,Oui,0,0,0,Non,560,300000,3,0.16,0
MAD-00251,33,Homme,Marié(e),4,Alimentation,4.3,3558000,Oui,Oui,Oui,2,0,0,Non,665,460000,9,0.13,0
MAD-00252,41,Femme,Célibataire,0,Cosmétiques,5.6,3489000,Oui,Oui,Non,4,0,0,Non,633,949000,3,0.27,0
MAD-00253,57,Femme,Célibataire,1,Alimentation,8.3,3861000,Non,Oui,Oui,2,0,0,Non,694,935000,6,0.24,0
MAD-00254,27,Homme,Marié(e),2,Vêtements,1.9,4116000,Oui,Oui,Non,1,0,0,Oui,545,1071000,12,0.26,0
MAD-00255,35,Homme,Marié(e),3,Alimentation,0.6,6753000,Oui,Oui,Oui,2,0,0,Non,640,3237000,9,0.48,0
MAD-00256,46,Femme,Veuf(ve),2,Alimentation,6.2,3900000,Non,Oui,Oui,1,1,38,Oui,600,753000,3,0.19,0
MAD-00257,42,Femme,Célibataire,3,Divers,2.5,3070000,Oui,Oui,Non,0,0,0,Oui,563,1503000,9,0.49,0
MAD-00258,33,Femme,Marié(e),2,Divers,5.3,5721000,Oui,Oui,Non,1,0,0,Non,721,1202000,3,0.21,0
MAD-00259,36,Femme,Marié(e),2,Chaussures,2.5,10230000,Non,Non,Non,3,0,0,Oui,450,4091000,6,0.4,0
MAD-00260,22,Femme,Marié(e),3,Cosmétiques,14.6,5331000,Oui,Oui,Non,4,0,0,Oui,545,4180000,12,0.78,1
MAD-00261,35,Femme,Veuf(ve),4,Chaussures,5.0,3463000,Non,Oui,Oui,1,0,0,Oui,446,1912000,6,0.55,0
MAD-00262,35,Femme,Marié(e),4,Quincaillerie,5.6,3920000,Non,Oui,Oui,3,1,14,Non,512,2045000,9,0.52,0
MAD-00263,40,Femme,Marié(e),4,Tissus_Pagnes,0.8,3429000,Oui,Oui,Oui,1,0,0,Non,606,1767000,9,0.52,1
MAD-00264,31,Homme,Veuf(ve),5,Alimentation,3.4,3090000,Oui,Non,Oui,2,1,83,Oui,570,4361000,18,1.41,1
MAD-00265,43,Femme,Célibataire,5,Chaussures,6.7,9932000,Non,Non,Oui,1,0,0,Oui,586,2150000,3,0.22,0
MAD-00266,49,Homme,Marié(e),2,Divers,4.0,2079000,Oui,Non,Non,2,1,28,Non,524,669000,9,0.32,0
MAD-00267,39,Femme,Marié(e),4,Vêtements,1.9,5640000,Non,Oui,Oui,2,0,0,Non,460,948000,3,0.17,0
MAD-00268,41,Femme,Marié(e),2,Tissus_Pagnes,7.8,2994000,Oui,Non,Oui,2,1,13,Oui,491,622000,3,0.21,1
MAD-00269,38,Femme,Célibataire,2,Vêtements,17.6,1838000,Oui,Oui,Non,0,0,0,Oui,647,482000,6,0.26,0
MAD-00270,38,Femme,Marié(e),2,Vêtements,1.2,2703000,Non,Non,Oui,5,1,73,Non,569,1455000,12,0.54,1
MAD-00271,30,Femme,Veuf(ve),2,Chaussures,8.2,2436000,Oui,Oui,Non,0,1,16,Oui,558,300000,3,0.12,0
MAD-00272,41,Femme,Veuf(ve),3,Vêtements,0.1,4067000,Oui,Non,Oui,3,0,0,Non,728,813000,24,0.2,1
MAD-00273,36,Homme,Marié(e),6,Quincaillerie,0.4,3122000,Oui,Oui,Oui,4,0,0,Oui,534,1376000,9,0.44,0
MAD-00274,61,Femme,Célibataire,5,Électronique_Téléphonie,9.0,1956000,Non,Oui,Non,2,0,0,Non,564,2166000,18,1.11,1
MAD-00275,55,Homme,Marié(e),4,Alimentation,0.3,6652000,Oui,Non,Non,3,1,31,Non,545,1235000,6,0.19,0
MAD-00276,42,Femme,Marié(e),5,Électronique_Téléphonie,0.3,5396000,Oui,Oui,Non,3,1,60,Non,667,3004000,6,0.56,1
MAD-00277,29,Homme,Célibataire,1,Chaussures,2.4,7149000,Oui,Non,Oui,1,0,0,Non,632,2759000,12,0.39,0
MAD-00278,25,Femme,Marié(e),4,Tissus_Pagnes,8.1,3613000,Non,Oui,Oui,3,0,0,Oui,438,1759000,6,0.49,0
MAD-00279,51,Femme,Marié(e),3,Tissus_Pagnes,0.0,2900000,Oui,Oui,Non,3,0,0,Oui,705,1796000,9,0.62,0
MAD-00280,40,Femme,Marié(e),4,Électronique_Téléphonie,8.7,4617000,Oui,Oui,Oui,2,0,0,Oui,786,9370000,18,2.03,1
MAD-00281,43,Homme,Marié(e),3,Tissus_Pagnes,19.3,2732000,Oui,Oui,Non,0,0,0,Non,597,2355000,12,0.86,0
MAD-00282,18,Femme,Marié(e),4,Alimentation,3.1,3270000,Oui,Oui,Oui,2,1,51,Non,462,1305000,18,0.4,1
MAD-00283,48,Femme,Célibataire,3,Vêtements,7.3,2904000,Oui,Oui,Oui,0,0,0,Oui,697,738000,3,0.25,0
MAD-00284,42,Femme,Divorcé(e),2,Vêtements,17.8,1858000,Non,Oui,Oui,1,1,22,Non,743,2247000,12,1.21,0
MAD-00285,25,Homme,Célibataire,1,Chaussures,0.5,3188000,Non,Oui,Non,1,1,78,Oui,559,537000,12,0.17,0
MAD-00286,32,Femme,Divorcé(e),2,Alimentation,8.6,2579000,Oui,Oui,Oui,2,0,0,Oui,473,2300000,12,0.89,0
MAD-00287,40,Femme,Marié(e),1,Cosmétiques,0.9,2616000,Oui,Non,Non,0,0,0,Oui,687,1880000,9,0.72,1
MAD-00288,38,Femme,Divorcé(e),5,Tissus_Pagnes,5.8,3787000,Oui,Non,Oui,0,0,0,Non,656,2409000,12,0.64,0
MAD-00289,34,Homme,Marié(e),2,Électronique_Téléphonie,4.1,6079000,Oui,Oui,Non,2,0,0,Oui,534,912000,18,0.15,0
MAD-00290,36,Femme,Marié(e),3,Tissus_Pagnes,1.0,1885000,Oui,Oui,Oui,2,1,48,Oui,663,576000,6,0.31,0
MAD-00291,35,Femme,Veuf(ve),3,Quincaillerie,1.0,2488000,Oui,Oui,Non,1,0,0,Non,659,327000,3,0.13,0
MAD-00292,39,Homme,Marié(e),4,Quincaillerie,12.0,2302000,Non,Oui,Non,2,0,0,Oui,718,667000,3,0.29,0
MAD-00293,54,Femme,Marié(e),0,Alimentation,1.7,1925000,Oui,Non,Non,1,1,72,Oui,416,648000,6,0.34,1
MAD-00294,18,Femme,Marié(e),2,Chaussures,7.0,2343000,Oui,Oui,Oui,2,0,0,Oui,655,1350000,12,0.58,0
MAD-00295,35,Femme,Marié(e),6,Alimentation,0.6,2673000,Non,Oui,Non,0,0,0,Oui,519,1051000,9,0.39,0
MAD-00296,39,Femme,Marié(e),4,Électronique_Téléphonie,10.1,4386000,Oui,Oui,Oui,0,1,42,Oui,579,1749000,6,0.4,1
MAD-00297,41,Femme,Marié(e),5,Cosmétiques,2.9,3615000,Oui,Oui,Non,1,0,0,Oui,752,3888000,18,1.08,0
MAD-00298,33,Femme,Divorcé(e),2,Vêtements,7.5,1879000,Oui,Non,Non,1,0,0,Non,491,1305000,18,0.69,0
MAD-00299,18,Homme,Marié(e),1,Vêtements,2.9,6114000,Non,Oui,Oui,0,0,0,Non,476,3573000,9,0.58,1
MAD-00300,41,Homme,Marié(e),3,Tissus_Pagnes,0.8,4996000,Oui,Oui,Non,1,0,0,Non,705,1996000,9,0.4,0
MAD-00301,57,Femme,Marié(e),4,Électronique_Téléphonie,14.4,2234000,Oui,Oui,Non,2,0,0,Oui,618,300000,6,0.13,0
MAD-00302,21,Femme,Divorcé(e),2,Électronique_Téléphonie,0.1,5802000,Oui,Oui,Oui,1,0,0,Oui,725,3918000,9,0.68,0
MAD-00303,47,Femme,Marié(e),2,Alimentation,13.6,3949000,Oui,Oui,Oui,3,0,0,Oui,547,2583000,9,0.65,0
MAD-00304,34,Homme,Marié(e),5,Vêtements,5.0,2864000,Oui,Oui,Oui,2,0,0,Oui,624,544000,3,0.19,0
MAD-00305,37,Femme,Marié(e),5,Tissus_Pagnes,3.9,3719000,Oui,Oui,Non,0,0,0,Non,681,2110000,12,0.57,0
MAD-00306,26,Femme,Célibataire,3,Cosmétiques,12.9,3303000,Non,Oui,Non,0,0,0,Oui,618,1681000,9,0.51,0
MAD-00307,34,Femme,Célibataire,2,Alimentation,6.3,4181000,Non,Oui,Oui,1,1,59,Non,350,1977000,6,0.47,1
MAD-00308,52,Femme,Célibataire,2,Vêtements,25.3,4038000,Oui,Non,Oui,2,1,45,Non,806,2061000,12,0.51,0
MAD-00309,44,Femme,Célibataire,5,Quincaillerie,13.3,2856000,Oui,Oui,Oui,4,1,83,Oui,514,2052000,9,0.72,1
MAD-00310,57,Homme,Marié(e),5,Tissus_Pagnes,8.2,1217000,Oui,Oui,Oui,1,0,0,Non,499,300000,6,0.25,0
MAD-00311,50,Femme,Marié(e),8,Chaussures,5.1,4106000,Oui,Oui,Oui,0,0,0,Oui,648,1541000,6,0.38,0
MAD-00312,42,Homme,Marié(e),4,Tissus_Pagnes,13.3,2807000,Non,Oui,Oui,1,1,33,Non,589,497000,3,0.18,0
MAD-00313,57,Femme,Marié(e),3,Tissus_Pagnes,2.8,4621000,Oui,Non,Oui,0,1,21,Non,677,3469000,9,0.75,0
MAD-00314,42,Homme,Marié(e),2,Cosmétiques,0.5,3870000,Non,Non,Non,1,0,0,Oui,683,821000,6,0.21,0
MAD-00315,47,Homme,Marié(e),1,Vêtements,0.6,2461000,Oui,Non,Non,2,0,0,Oui,600,300000,3,0.12,0
MAD-00316,34,Homme,Marié(e),4,Vêtements,11.5,5537000,Non,Oui,Oui,3,0,0,Oui,445,2339000,18,0.42,1
MAD-00317,38,Femme,Célibataire,3,Divers,3.8,3425000,Non,Oui,Non,1,0,0,Non,641,2723000,18,0.8,1
MAD-00318,30,Femme,Marié(e),5,Électronique_Téléphonie,6.0,3417000,Non,Non,Oui,4,0,0,Oui,452,1990000,9,0.58,0
MAD-00319,48,Femme,Célibataire,0,Chaussures,1.2,2778000,Non,Oui,Oui,3,0,0,Non,709,669000,18,0.24,0
MAD-00320,25,Femme,Célibataire,3,Alimentation,2.9,7554000,Non,Oui,Non,0,0,0,Oui,534,3213000,9,0.43,0
MAD-00321,46,Femme,Marié(e),8,Alimentation,18.9,2565000,Oui,Oui,Non,1,0,0,Non,677,1133000,6,0.44,0
MAD-00322,35,Homme,Marié(e),3,Alimentation,4.4,2609000,Oui,Oui,Oui,0,0,0,Oui,560,1309000,9,0.5,0
MAD-00323,50,Homme,Célibataire,3,Quincaillerie,2.3,1567000,Oui,Oui,Oui,2,0,0,Non,575,566000,6,0.36,0
MAD-00324,46,Femme,Célibataire,5,Électronique_Téléphonie,0.4,4423000,Non,Non,Non,1,0,0,Non,527,823000,9,0.19,0
MAD-00325,58,Femme,Marié(e),5,Tissus_Pagnes,2.1,2211000,Oui,Oui,Oui,3,0,0,Oui,684,2963000,24,1.34,0
MAD-00326,46,Homme,Marié(e),2,Divers,5.6,2452000,Non,Oui,Non,4,0,0,Oui,544,869000,6,0.35,0
MAD-00327,20,Homme,Célibataire,5,Alimentation,4.6,2364000,Oui,Non,Oui,0,1,57,Non,603,769000,6,0.33,1
MAD-00328,37,Femme,Célibataire,5,Tissus_Pagnes,3.7,3173000,Non,Oui,Oui,2,0,0,Non,546,592000,3,0.19,0
MAD-00329,25,Femme,Marié(e),2,Alimentation,12.3,1856000,Oui,Oui,Non,0,1,3,Non,594,1691000,18,0.91,0
MAD-00330,32,Homme,Marié(e),4,Vêtements,3.8,975000,Non,Oui,Non,0,0,0,Oui,603,300000,3,0.31,0
MAD-00331,54,Femme,Divorcé(e),3,Quincaillerie,1.2,3841000,Oui,Oui,Non,0,0,0,Non,633,2236000,18,0.58,0
MAD-00332,45,Femme,Marié(e),3,Électronique_Téléphonie,2.2,991000,Oui,Oui,Non,0,0,0,Non,536,300000,3,0.3,0
MAD-00333,30,Homme,Divorcé(e),2,Alimentation,9.3,5011000,Non,Oui,Non,2,0,0,Non,663,1664000,12,0.33,0
MAD-00334,26,Homme,Marié(e),4,Vêtements,0.4,6982000,Oui,Oui,Oui,0,1,35,Oui,543,2609000,6,0.37,0
MAD-00335,38,Homme,Marié(e),4,Cosmétiques,14.3,3131000,Oui,Oui,Oui,2,0,0,Oui,668,1947000,6,0.62,0
MAD-00336,24,Homme,Marié(e),1,Alimentation,3.8,6159000,Non,Oui,Oui,1,1,59,Non,510,3173000,6,0.52,0
MAD-00337,30,Femme,Marié(e),4,Tissus_Pagnes,7.9,3156000,Non,Oui,Non,0,1,75,Non,540,673000,3,0.21,0
MAD-00338,41,Femme,Divorcé(e),1,Cosmétiques,31.7,8079000,Oui,Oui,Non,0,1,29,Non,539,1565000,3,0.19,0
MAD-00339,50,Femme,Marié(e),6,Vêtements,5.6,2470000,Oui,Oui,Oui,3,0,0,Non,548,817000,6,0.33,0
MAD-00340,44,Femme,Veuf(ve),2,Vêtements,3.3,905000,Oui,Oui,Non,0,0,0,Oui,658,300000,9,0.33,0
MAD-00341,18,Femme,Marié(e),1,Vêtements,0.2,2837000,Oui,Non,Oui,2,1,52,Non,497,1327000,9,0.47,1
MAD-00342,41,Femme,Divorcé(e),2,Quincaillerie,3.5,7673000,Oui,Oui,Non,3,1,21,Non,719,3347000,6,0.44,0
MAD-00343,38,Femme,Veuf(ve),2,Vêtements,4.4,4102000,Oui,Non,Non,2,1,73,Non,516,3351000,12,0.82,1
MAD-00344,42,Homme,Célibataire,4,Cosmétiques,2.5,2303000,Oui,Oui,Oui,4,0,0,Non,496,2157000,12,0.94,0
MAD-00345,55,Femme,Marié(e),0,Vêtements,6.0,3724000,Oui,Oui,Oui,1,1,44,Oui,501,7939000,24,2.13,1
MAD-00346,18,Femme,Célibataire,1,Chaussures,0.4,5058000,Non,Oui,Oui,2,1,21,Oui,478,2475000,9,0.49,0
MAD-00347,31,Femme,Marié(e),3,Alimentation,11.7,3173000,Oui,Oui,Non,3,1,41,Non,655,1202000,6,0.38,1
MAD-00348,44,Femme,Veuf(ve),2,Alimentation,5.3,12700000,Oui,Oui,Oui,1,0,0,Non,689,3309000,24,0.26,0
MAD-00349,20,Homme,Marié(e),3,Chaussures,3.4,2327000,Non,Oui,Non,1,0,0,Oui,594,6408000,24,2.75,1
MAD-00350,54,Femme,Marié(e),2,Chaussures,3.0,5224000,Non,Non,Non,1,0,0,Non,626,6016000,24,1.15,0
MAD-00351,42,Femme,Marié(e),3,Vêtements,7.2,4714000,Oui,Non,Non,0,0,0,Oui,612,4221000,12,0.9,0
MAD-00352,47,Homme,Célibataire,3,Vêtements,6.2,2199000,Non,Non,Non,2,0,0,Oui,677,1266000,12,0.58,0
MAD-00353,31,Femme,Veuf(ve),3,Divers,0.5,2357000,Oui,Oui,Oui,2,0,0,Non,666,2681000,24,1.14,0
MAD-00354,46,Femme,Marié(e),5,Alimentation,7.4,5400000,Oui,Oui,Non,0,1,88,Non,550,2547000,9,0.47,0
MAD-00355,49,Femme,Célibataire,1,Alimentation,0.5,3218000,Oui,Oui,Oui,0,0,0,Non,602,525000,6,0.16,0
MAD-00356,40,Femme,Veuf(ve),3,Tissus_Pagnes,3.1,3655000,Oui,Oui,Oui,2,0,0,Non,563,731000,24,0.2,0
MAD-00357,40,Femme,Marié(e),3,Vêtements,2.5,1278000,Non,Non,Oui,3,0,0,Oui,659,2009000,18,1.57,1
MAD-00358,40,Femme,Marié(e),3,Cosmétiques,4.3,4372000,Oui,Oui,Oui,3,1,8,Oui,747,944000,3,0.22,0
MAD-00359,28,Femme,Célibataire,2,Chaussures,7.2,3680000,Non,Oui,Non,0,0,0,Non,699,391000,3,0.11,0
MAD-00360,36,Femme,Célibataire,5,Tissus_Pagnes,5.5,3021000,Oui,Oui,Oui,4,0,0,Oui,762,3786000,18,1.25,0
MAD-00361,36,Femme,Marié(e),1,Cosmétiques,0.6,3625000,Oui,Non,Non,0,0,0,Non,634,1717000,6,0.47,0
MAD-00362,42,Femme,Divorcé(e),1,Tissus_Pagnes,9.9,2659000,Oui,Oui,Oui,2,0,0,Oui,532,1308000,12,0.49,0
MAD-00363,48,Homme,Marié(e),4,Chaussures,9.8,2430000,Oui,Oui,Non,2,0,0,Oui,540,500000,3,0.21,0
MAD-00364,26,Femme,Divorcé(e),1,Alimentation,5.4,2751000,Non,Oui,Non,3,1,20,Oui,694,1378000,6,0.5,0
MAD-00365,36,Femme,Divorcé(e),3,Vêtements,1.4,2333000,Non,Oui,Non,3,0,0,Non,432,626000,12,0.27,0
MAD-00366,54,Femme,Divorcé(e),2,Chaussures,1.3,9853000,Non,Oui,Non,0,0,0,Non,735,16948000,24,1.72,1
MAD-00367,29,Femme,Marié(e),2,Vêtements,16.7,5385000,Non,Oui,Oui,1,1,12,Oui,511,3269000,9,0.61,1
MAD-00368,28,Femme,Marié(e),3,Alimentation,1.0,1766000,Oui,Oui,Oui,0,0,0,Oui,793,558000,3,0.32,0
MAD-00369,40,Homme,Marié(e),3,Vêtements,5.5,9230000,Oui,Oui,Non,3,0,0,Oui,613,4002000,6,0.43,0
MAD-00370,47,Homme,Marié(e),5,Chaussures,16.6,2829000,Oui,Oui,Oui,0,0,0,Non,685,816000,6,0.29,0
MAD-00371,38,Femme,Célibataire,3,Alimentation,2.0,3066000,Non,Oui,Non,1,0,0,Oui,814,3749000,24,1.22,0
MAD-00372,52,Femme,Marié(e),4,Chaussures,1.0,4876000,Oui,Oui,Non,6,0,0,Non,590,4780000,9,0.98,0
MAD-00373,47,Homme,Marié(e),3,Chaussures,2.0,1061000,Oui,Oui,Oui,2,1,26,Non,549,1260000,24,1.19,1
MAD-00374,47,Femme,Marié(e),8,Cosmétiques,10.6,2914000,Non,Oui,Non,2,1,79,Oui,418,3828000,18,1.31,0
MAD-00375,44,Femme,Marié(e),2,Vêtements,12.6,2536000,Oui,Oui,Oui,1,1,79,Non,411,1195000,9,0.47,0
MAD-00376,63,Femme,Marié(e),1,Électronique_Téléphonie,2.9,3398000,Oui,Non,Non,2,0,0,Non,590,870000,3,0.26,0
MAD-00377,35,Femme,Célibataire,7,Alimentation,4.6,3764000,Oui,Oui,Oui,5,0,0,Oui,570,7823000,24,2.08,1
MAD-00378,18,Homme,Célibataire,2,Quincaillerie,15.3,3294000,Oui,Oui,Non,2,1,63,Oui,412,571000,3,0.17,0
MAD-00379,55,Femme,Marié(e),6,Chaussures,1.4,2805000,Oui,Non,Oui,0,0,0,Oui,601,2432000,18,0.87,0
MAD-00380,32,Homme,Divorcé(e),4,Alimentation,3.4,5416000,Non,Non,Non,4,0,0,Non,640,2319000,9,0.43,1
MAD-00381,39,Femme,Divorcé(e),3,Électronique_Téléphonie,7.6,3719000,Non,Oui,Non,2,0,0,Non,519,338000,6,0.09,0
MAD-00382,52,Femme,Marié(e),1,Tissus_Pagnes,18.3,3575000,Oui,Oui,Non,1,0,0,Non,605,1958000,9,0.55,0
MAD-00383,20,Femme,Célibataire,5,Tissus_Pagnes,15.3,3668000,Non,Oui,Non,1,0,0,Non,726,1328000,6,0.36,0
MAD-00384,24,Femme,Marié(e),1,Tissus_Pagnes,4.9,8266000,Non,Non,Non,3,0,0,Non,472,3762000,12,0.46,0
MAD-00385,20,Femme,Marié(e),5,Cosmétiques,2.6,3331000,Non,Oui,Non,2,0,0,Oui,773,374000,9,0.11,0
MAD-00386,29,Femme,Marié(e),3,Chaussures,7.2,2445000,Non,Oui,Non,0,0,0,Oui,539,931000,6,0.38,0
MAD-00387,42,Femme,Marié(e),2,Quincaillerie,0.9,1062000,Non,Oui,Non,3,0,0,Non,618,637000,9,0.6,0
MAD-00388,43,Homme,Divorcé(e),0,Vêtements,29.6,2232000,Oui,Oui,Non,2,0,0,Non,735,1370000,9,0.61,0
MAD-00389,41,Femme,Veuf(ve),4,Cosmétiques,1.8,2342000,Oui,Oui,Non,0,0,0,Oui,762,1888000,24,0.81,0
MAD-00390,22,Femme,Divorcé(e),2,Chaussures,4.8,2931000,Oui,Non,Oui,0,0,0,Oui,662,3601000,18,1.23,0
MAD-00391,18,Femme,Célibataire,3,Cosmétiques,0.1,2182000,Oui,Oui,Non,1,0,0,Oui,557,1410000,12,0.65,0
MAD-00392,38,Femme,Célibataire,1,Tissus_Pagnes,3.4,3690000,Non,Non,Oui,1,0,0,Oui,529,7080000,24,1.92,0
MAD-00393,32,Homme,Veuf(ve),1,Vêtements,4.3,2293000,Oui,Oui,Oui,0,0,0,Non,568,467000,6,0.2,0
MAD-00394,43,Homme,Marié(e),0,Chaussures,2.5,1864000,Oui,Non,Non,4,0,0,Non,790,487000,3,0.26,0
MAD-00395,45,Homme,Marié(e),3,Vêtements,4.2,4269000,Non,Oui,Oui,1,0,0,Non,565,1231000,3,0.29,0
MAD-00396,39,Femme,Célibataire,1,Alimentation,0.8,6306000,Non,Oui,Oui,3,0,0,Oui,629,6951000,18,1.1,1
MAD-00397,46,Femme,Marié(e),2,Tissus_Pagnes,5.1,1762000,Oui,Non,Non,2,1,53,Non,446,723000,6,0.41,0
MAD-00398,40,Femme,Marié(e),1,Vêtements,11.9,3739000,Non,Non,Non,1,0,0,Oui,495,5245000,18,1.4,1
MAD-00399,43,Femme,Marié(e),2,Alimentation,1.8,1091000,Oui,Non,Oui,1,0,0,Oui,622,321000,9,0.29,0
MAD-00400,30,Femme,Célibataire,3,Alimentation,15.1,1768000,Oui,Non,Non,1,0,0,Non,590,300000,3,0.17,0
MAD-00401,36,Femme,Marié(e),2,Chaussures,2.4,2212000,Oui,Oui,Oui,1,1,44,Non,531,1253000,9,0.57,1
MAD-00402,40,Femme,Marié(e),2,Divers,2.6,5600000,Non,Oui,Oui,0,0,0,Non,466,5494000,9,0.98,0
MAD-00403,47,Femme,Marié(e),2,Tissus_Pagnes,4.4,2059000,Oui,Oui,Oui,0,1,16,Oui,589,527000,9,0.26,0
MAD-00404,33,Femme,Marié(e),4,Alimentation,3.7,1999000,Oui,Non,Oui,3,0,0,Oui,759,3572000,18,1.79,0
MAD-00405,43,Homme,Divorcé(e),3,Électronique_Téléphonie,4.9,3164000,Non,Non,Non,2,0,0,Non,523,2031000,12,0.64,1
MAD-00406,35,Homme,Marié(e),2,Vêtements,11.6,3367000,Non,Non,Non,2,0,0,Non,680,1161000,6,0.34,0
MAD-00407,36,Femme,Célibataire,4,Divers,10.7,2242000,Oui,Non,Non,2,0,0,Oui,308,2389000,12,1.07,0
MAD-00408,47,Homme,Célibataire,2,Cosmétiques,1.7,8870000,Oui,Oui,Non,0,0,0,Oui,547,5794000,6,0.65,1
MAD-00409,18,Femme,Marié(e),1,Vêtements,3.2,2652000,Non,Oui,Non,1,0,0,Oui,428,3289000,18,1.24,0
MAD-00410,23,Homme,Divorcé(e),2,Tissus_Pagnes,12.3,3518000,Non,Oui,Non,2,0,0,Oui,711,1846000,6,0.52,0
MAD-00411,21,Homme,Célibataire,2,Vêtements,0.3,2380000,Oui,Oui,Oui,5,0,0,Oui,699,1009000,12,0.42,0
MAD-00412,18,Femme,Célibataire,2,Chaussures,1.1,3801000,Oui,Oui,Non,2,1,73,Non,417,1543000,9,0.41,0
MAD-00413,30,Homme,Marié(e),3,Alimentation,0.5,5849000,Oui,Oui,Non,2,1,5,Oui,638,430000,3,0.07,0
MAD-00414,46,Homme,Marié(e),2,Électronique_Téléphonie,2.6,7463000,Non,Non,Oui,2,0,0,Non,708,4070000,12,0.55,0
MAD-00415,34,Homme,Veuf(ve),2,Chaussures,2.7,2026000,Oui,Oui,Oui,0,1,68,Non,640,881000,6,0.43,0
MAD-00416,40,Homme,Célibataire,1,Électronique_Téléphonie,0.0,5419000,Non,Oui,Oui,1,1,74,Oui,452,4138000,12,0.76,1
MAD-00417,49,Femme,Veuf(ve),6,Quincaillerie,6.7,4203000,Oui,Non,Non,0,1,8,Oui,409,3840000,9,0.91,1
MAD-00418,52,Femme,Divorcé(e),4,Vêtements,14.1,5479000,Non,Oui,Non,1,1,24,Non,483,1803000,3,0.33,0
MAD-00419,37,Homme,Marié(e),1,Tissus_Pagnes,3.5,2917000,Oui,Oui,Non,1,0,0,Non,688,961000,6,0.33,0
MAD-00420,52,Femme,Célibataire,0,Électronique_Téléphonie,1.0,2699000,Non,Oui,Oui,0,1,49,Non,715,1339000,12,0.5,1
MAD-00421,39,Femme,Marié(e),0,Vêtements,13.4,5351000,Oui,Oui,Oui,1,0,0,Oui,615,4206000,9,0.79,0
MAD-00422,28,Femme,Célibataire,6,Alimentation,11.1,5334000,Oui,Oui,Non,0,1,24,Non,529,4318000,9,0.81,1
MAD-00423,31,Femme,Marié(e),5,Vêtements,4.7,7139000,Oui,Oui,Oui,1,0,0,Non,835,1486000,3,0.21,0
MAD-00424,21,Femme,Marié(e),5,Vêtements,0.3,3308000,Oui,Oui,Oui,0,0,0,Oui,656,1508000,6,0.46,0
MAD-00425,28,Homme,Célibataire,2,Électronique_Téléphonie,4.3,2918000,Oui,Non,Non,1,0,0,Oui,509,2523000,12,0.86,1
MAD-00426,34,Femme,Célibataire,4,Tissus_Pagnes,3.4,867000,Non,Non,Non,2,0,0,Non,589,525000,18,0.61,0
MAD-00427,46,Homme,Célibataire,5,Chaussures,6.8,1423000,Non,Oui,Non,3,0,0,Oui,689,357000,9,0.25,0
MAD-00428,56,Homme,Marié(e),2,Divers,14.6,2819000,Oui,Non,Non,3,1,33,Oui,564,1448000,9,0.51,1
MAD-00429,22,Femme,Marié(e),2,Vêtements,6.3,1803000,Oui,Oui,Oui,3,0,0,Non,691,865000,9,0.48,0
MAD-00430,42,Femme,Veuf(ve),5,Chaussures,12.0,4989000,Oui,Oui,Non,1,0,0,Oui,475,3907000,12,0.78,0
MAD-00431,26,Femme,Marié(e),2,Alimentation,12.4,1811000,Non,Oui,Non,3,0,0,Non,470,1196000,12,0.66,0
MAD-00432,43,Homme,Marié(e),1,Alimentation,7.3,2464000,Oui,Non,Non,1,0,0,Non,553,300000,6,0.12,0
MAD-00433,36,Homme,Célibataire,1,Alimentation,5.3,2453000,Oui,Non,Oui,0,0,0,Non,594,300000,12,0.12,0
MAD-00434,18,Femme,Marié(e),3,Vêtements,0.0,5738000,Oui,Non,Non,3,0,0,Oui,650,2643000,6,0.46,0
MAD-00435,48,Femme,Célibataire,3,Vêtements,3.9,2234000,Oui,Oui,Oui,1,1,78,Oui,560,300000,3,0.13,0
MAD-00436,31,Femme,Marié(e),2,Tissus_Pagnes,1.4,3836000,Oui,Oui,Non,2,0,0,Non,841,605000,3,0.16,0
MAD-00437,32,Femme,Divorcé(e),2,Vêtements,2.5,3369000,Oui,Oui,Non,0,0,0,Non,553,449000,3,0.13,0
MAD-00438,26,Homme,Divorcé(e),2,Alimentation,1.7,4912000,Oui,Oui,Non,0,1,59,Oui,503,1046000,6,0.21,0
MAD-00439,30,Homme,Veuf(ve),5,Cosmétiques,10.6,5039000,Non,Oui,Oui,3,0,0,Oui,536,527000,3,0.1,0
MAD-00440,42,Femme,Célibataire,1,Alimentation,0.1,2907000,Oui,Oui,Non,1,0,0,Oui,717,731000,3,0.25,0
MAD-00441,35,Homme,Marié(e),5,Électronique_Téléphonie,5.3,1323000,Oui,Oui,Oui,2,0,0,Oui,722,300000,3,0.23,1
MAD-00442,41,Femme,Célibataire,0,Quincaillerie,0.2,2610000,Oui,Oui,Non,0,1,32,Non,531,581000,3,0.22,0
MAD-00443,41,Homme,Divorcé(e),2,Chaussures,13.8,3340000,Non,Oui,Oui,0,0,0,Non,785,1554000,6,0.47,0
MAD-00444,52,Femme,Célibataire,5,Cosmétiques,26.4,4254000,Non,Oui,Oui,0,1,9,Oui,522,5073000,18,1.19,1
MAD-00445,34,Femme,Célibataire,5,Cosmétiques,2.9,2059000,Oui,Oui,Non,4,1,17,Non,687,1453000,9,0.71,0
MAD-00446,21,Homme,Célibataire,3,Cosmétiques,20.6,6158000,Non,Oui,Oui,1,0,0,Non,730,1084000,3,0.18,0
MAD-00447,49,Femme,Célibataire,1,Quincaillerie,0.1,2983000,Oui,Oui,Non,3,0,0,Non,497,1654000,6,0.55,0
MAD-00448,34,Homme,Célibataire,2,Divers,8.9,2050000,Oui,Oui,Oui,0,0,0,Non,671,1456000,9,0.71,0
MAD-00449,50,Homme,Marié(e),1,Tissus_Pagnes,7.9,2536000,Non,Oui,Non,2,0,0,Oui,354,1251000,6,0.49,0
MAD-00450,42,Femme,Marié(e),0,Cosmétiques,14.9,8991000,Non,Non,Oui,2,1,53,Non,594,1881000,6,0.21,0
MAD-00451,36,Femme,Célibataire,3,Électronique_Téléphonie,0.5,4278000,Oui,Oui,Non,1,0,0,Oui,520,1666000,6,0.39,0
MAD-00452,41,Femme,Marié(e),0,Alimentation,0.2,5271000,Oui,Oui,Non,1,0,0,Oui,671,591000,9,0.11,0
MAD-00453,59,Femme,Divorcé(e),4,Tissus_Pagnes,13.0,2058000,Oui,Oui,Non,1,0,0,Non,687,2306000,12,1.12,0
MAD-00454,60,Femme,Célibataire,3,Cosmétiques,2.0,2085000,Oui,Oui,Oui,0,0,0,Oui,720,802000,9,0.38,0
MAD-00455,38,Femme,Marié(e),6,Chaussures,19.6,2621000,Non,Oui,Non,4,1,35,Non,627,363000,3,0.14,0
MAD-00456,39,Homme,Divorcé(e),6,Vêtements,14.7,3715000,Oui,Oui,Non,2,0,0,Oui,625,300000,3,0.08,0
MAD-00457,49,Femme,Célibataire,3,Vêtements,1.8,2742000,Non,Non,Oui,1,0,0,Oui,565,2834000,18,1.03,0
MAD-00458,28,Femme,Célibataire,3,Alimentation,8.0,2500000,Oui,Oui,Non,3,0,0,Non,613,1549000,12,0.62,0
MAD-00459,41,Homme,Marié(e),4,Tissus_Pagnes,1.1,2454000,Non,Oui,Non,1,0,0,Oui,499,3060000,12,1.25,1
MAD-00460,37,Femme,Divorcé(e),4,Quincaillerie,1.3,1950000,Non,Non,Non,2,0,0,Oui,580,2801000,18,1.44,0
MAD-00461,41,Homme,Marié(e),4,Quincaillerie,21.9,3336000,Non,Oui,Oui,1,0,0,Oui,573,1365000,9,0.41,0
MAD-00462,28,Femme,Célibataire,2,Vêtements,8.4,5708000,Oui,Oui,Oui,2,0,0,Non,549,300000,3,0.05,0
MAD-00463,20,Homme,Marié(e),4,Vêtements,15.1,1740000,Oui,Oui,Non,3,1,19,Non,434,300000,12,0.17,0
MAD-00464,18,Femme,Célibataire,4,Électronique_Téléphonie,2.4,3651000,Oui,Oui,Non,2,1,10,Oui,490,716000,6,0.2,1
MAD-00465,25,Femme,Célibataire,3,Chaussures,4.5,6454000,Oui,Oui,Non,1,0,0,Non,336,1940000,12,0.3,0
MAD-00466,32,Homme,Célibataire,5,Tissus_Pagnes,6.7,2875000,Non,Non,Non,3,0,0,Non,572,1735000,9,0.6,0
MAD-00467,34,Femme,Marié(e),5,Vêtements,5.6,2379000,Oui,Oui,Oui,3,0,0,Oui,652,390000,3,0.16,0
MAD-00468,59,Femme,Divorcé(e),5,Alimentation,10.2,5224000,Oui,Non,Oui,2,0,0,Oui,378,921000,3,0.18,1
MAD-00469,50,Femme,Célibataire,4,Électronique_Téléphonie,2.9,1808000,Oui,Oui,Non,3,0,0,Non,641,375000,6,0.21,0
MAD-00470,27,Homme,Marié(e),2,Cosmétiques,15.1,3374000,Oui,Oui,Non,3,0,0,Oui,608,1887000,9,0.56,0
MAD-00471,41,Femme,Veuf(ve),3,Vêtements,2.3,1739000,Oui,Oui,Non,3,0,0,Non,514,300000,6,0.17,0
MAD-00472,33,Femme,Célibataire,3,Quincaillerie,3.0,1148000,Oui,Oui,Non,1,0,0,Oui,581,300000,3,0.26,0
MAD-00473,34,Femme,Veuf(ve),3,Cosmétiques,12.2,3087000,Non,Oui,Oui,0,0,0,Non,694,1465000,6,0.47,0
MAD-00474,40,Femme,Veuf(ve),3,Quincaillerie,3.5,1581000,Oui,Oui,Oui,0,0,0,Oui,532,1400000,18,0.89,0
MAD-00475,44,Femme,Divorcé(e),5,Tissus_Pagnes,5.8,3113000,Non,Oui,Oui,2,0,0,Non,607,2593000,12,0.83,0
MAD-00476,34,Femme,Célibataire,1,Tissus_Pagnes,5.3,5621000,Oui,Oui,Non,2,1,49,Non,577,601000,12,0.11,0
MAD-00477,49,Femme,Célibataire,2,Quincaillerie,1.8,8256000,Oui,Non,Oui,1,0,0,Oui,546,619000,9,0.07,0
MAD-00478,25,Femme,Marié(e),2,Divers,0.7,3135000,Non,Oui,Non,2,0,0,Oui,690,1877000,9,0.6,0
MAD-00479,38,Femme,Marié(e),4,Divers,7.3,5400000,Non,Oui,Oui,2,0,0,Non,636,2738000,6,0.51,0
MAD-00480,66,Femme,Célibataire,2,Électronique_Téléphonie,4.8,3828000,Oui,Non,Oui,1,0,0,Oui,597,602000,3,0.16,0
MAD-00481,40,Femme,Marié(e),0,Tissus_Pagnes,8.4,2648000,Non,Oui,Oui,2,0,0,Oui,812,889000,3,0.34,0
MAD-00482,53,Femme,Divorcé(e),4,Alimentation,0.5,1041000,Oui,Oui,Non,0,0,0,Non,711,417000,18,0.4,0
MAD-00483,39,Femme,Marié(e),2,Vêtements,4.4,7368000,Oui,Non,Oui,0,1,67,Oui,367,2741000,9,0.37,1
MAD-00484,44,Femme,Marié(e),4,Quincaillerie,1.4,1703000,Non,Oui,Non,1,0,0,Oui,564,316000,3,0.19,0
MAD-00485,37,Femme,Marié(e),4,Vêtements,3.9,6445000,Non,Oui,Non,0,0,0,Oui,821,4057000,9,0.63,0
MAD-00486,36,Femme,Marié(e),3,Chaussures,2.0,4034000,Oui,Oui,Oui,4,0,0,Oui,531,1059000,6,0.26,0
MAD-00487,29,Homme,Marié(e),0,Quincaillerie,1.3,1768000,Non,Oui,Non,2,0,0,Non,605,507000,9,0.29,0
MAD-00488,42,Femme,Marié(e),1,Divers,0.3,3521000,Non,Oui,Oui,2,0,0,Oui,710,3120000,12,0.89,1
MAD-00489,28,Femme,Divorcé(e),2,Quincaillerie,1.7,9611000,Oui,Oui,Oui,0,1,69,Oui,575,10668000,18,1.11,0
MAD-00490,45,Femme,Marié(e),1,Tissus_Pagnes,12.0,7243000,Oui,Non,Oui,0,0,0,Non,691,4321000,12,0.6,0
MAD-00491,49,Femme,Marié(e),4,Tissus_Pagnes,1.2,2267000,Oui,Oui,Non,1,1,24,Non,650,2889000,18,1.27,0
MAD-00492,42,Femme,Marié(e),6,Divers,5.2,2156000,Oui,Oui,Non,1,0,0,Oui,622,711000,6,0.33,0
MAD-00493,34,Femme,Marié(e),2,Alimentation,15.8,3600000,Non,Oui,Oui,2,0,0,Non,528,2369000,12,0.66,1
MAD-00494,42,Femme,Marié(e),3,Alimentation,12.9,3088000,Oui,Oui,Non,0,1,32,Non,611,2997000,18,0.97,1
MAD-00495,34,Femme,Célibataire,4,Divers,1.9,5779000,Oui,Non,Non,1,0,0,Oui,583,1311000,6,0.23,0
MAD-00496,48,Homme,Célibataire,4,Chaussures,2.1,4506000,Oui,Oui,Non,1,0,0,Oui,576,1907000,12,0.42,0
MAD-00497,18,Homme,Marié(e),4,Tissus_Pagnes,0.4,1178000,Oui,Oui,Non,5,0,0,Non,753,1278000,24,1.08,0
MAD-00498,34,Femme,Célibataire,7,Alimentation,9.3,4086000,Non,Oui,Non,4,0,0,Oui,565,2900000,12,0.71,1
MAD-00499,18,Femme,Marié(e),0,Tissus_Pagnes,12.5,3055000,Oui,Non,Non,2,0,0,Oui,773,300000,6,0.1,0
MAD-00500,21,Homme,Marié(e),3,Quincaillerie,8.6,3277000,Oui,Oui,Oui,2,1,42,Non,580,1611000,6,0.49,1
MAD-00501,53,Femme,Divorcé(e),6,Cosmétiques,3.2,3488000,Oui,Non,Non,4,0,0,Oui,605,2461000,12,0.71,0
MAD-00502,47,Homme,Marié(e),1,Vêtements,1.7,5770000,Non,Oui,Oui,2,0,0,Oui,436,3293000,18,0.57,0
MAD-00503,30,Femme,Divorcé(e),4,Tissus_Pagnes,17.2,5581000,Non,Oui,Non,1,0,0,Oui,790,1653000,3,0.3,0
MAD-00504,21,Homme,Marié(e),1,Quincaillerie,2.0,2018000,Non,Oui,Non,0,0,0,Non,599,719000,6,0.36,0
MAD-00505,18,Homme,Marié(e),3,Quincaillerie,0.0,2864000,Oui,Oui,Oui,3,0,0,Non,415,429000,6,0.15,1
MAD-00506,32,Femme,Marié(e),5,Vêtements,0.2,2317000,Oui,Oui,Oui,3,0,0,Oui,708,2036000,9,0.88,0
MAD-00507,64,Femme,Marié(e),1,Cosmétiques,5.8,1347000,Non,Oui,Non,0,0,0,Oui,595,1490000,12,1.11,0
MAD-00508,42,Femme,Veuf(ve),3,Vêtements,35.0,3835000,Non,Oui,Non,2,1,74,Non,405,1229000,9,0.32,0
MAD-00509,31,Femme,Marié(e),2,Tissus_Pagnes,9.6,8447000,Oui,Oui,Non,1,0,0,Non,703,3821000,9,0.45,0
MAD-00510,43,Femme,Divorcé(e),3,Alimentation,7.1,1367000,Non,Non,Non,5,0,0,Non,370,769000,12,0.56,0
MAD-00511,20,Homme,Divorcé(e),3,Tissus_Pagnes,9.9,3216000,Oui,Non,Oui,0,1,67,Oui,455,321000,9,0.1,0
MAD-00512,34,Femme,Célibataire,3,Cosmétiques,3.4,2970000,Oui,Oui,Oui,2,0,0,Oui,593,2368000,12,0.8,1
MAD-00513,39,Femme,Marié(e),0,Vêtements,3.1,3558000,Non,Oui,Non,1,1,8,Oui,664,848000,3,0.24,0
MAD-00514,37,Homme,Marié(e),1,Vêtements,5.3,1901000,Oui,Non,Oui,3,0,0,Non,821,426000,3,0.22,0
MAD-00515,46,Femme,Marié(e),3,Alimentation,11.2,1687000,Non,Oui,Non,0,0,0,Non,577,1796000,18,1.06,0
MAD-00516,41,Femme,Célibataire,2,Alimentation,1.9,1443000,Oui,Non,Oui,0,1,54,Oui,580,1063000,9,0.74,0
MAD-00517,45,Homme,Marié(e),4,Chaussures,1.0,6180000,Non,Oui,Oui,1,0,0,Non,847,1111000,6,0.18,0
MAD-00518,30,Femme,Veuf(ve),4,Vêtements,15.8,2197000,Oui,Non,Non,5,0,0,Non,620,2052000,9,0.93,0
MAD-00519,47,Femme,Célibataire,4,Alimentation,2.5,2322000,Non,Oui,Non,0,0,0,Non,642,1088000,12,0.47,0
MAD-00520,55,Femme,Marié(e),2,Divers,0.6,9430000,Non,Oui,Non,0,1,32,Oui,440,1183000,3,0.13,0
MAD-00521,27,Homme,Célibataire,2,Vêtements,5.6,2143000,Oui,Oui,Oui,2,0,0,Oui,796,848000,9,0.4,0
MAD-00522,28,Femme,Marié(e),3,Quincaillerie,11.6,3919000,Oui,Oui,Non,2,0,0,Non,555,495000,3,0.13,0
MAD-00523,52,Femme,Divorcé(e),2,Cosmétiques,3.2,5406000,Oui,Oui,Non,1,0,0,Oui,644,5207000,18,0.96,0
MAD-00524,35,Femme,Marié(e),6,Chaussures,10.6,5489000,Oui,Non,Non,3,1,3,Oui,637,2596000,9,0.47,0
MAD-00525,53,Femme,Veuf(ve),4,Cosmétiques,0.0,1422000,Non,Oui,Non,1,0,0,Oui,607,1576000,18,1.11,0
MAD-00526,33,Homme,Divorcé(e),6,Alimentation,0.5,2013000,Oui,Oui,Oui,0,0,0,Oui,580,915000,12,0.45,0
MAD-00527,54,Femme,Divorcé(e),2,Électronique_Téléphonie,3.1,3586000,Non,Oui,Non,0,1,51,Oui,545,4034000,18,1.12,1
MAD-00528,39,Homme,Marié(e),5,Électronique_Téléphonie,2.8,8630000,Oui,Oui,Non,0,0,0,Non,778,1609000,6,0.19,0
MAD-00529,40,Femme,Divorcé(e),4,Vêtements,7.4,2168000,Oui,Oui,Non,2,0,0,Non,825,499000,3,0.23,0
MAD-00530,55,Femme,Marié(e),1,Chaussures,11.3,2594000,Non,Oui,Non,0,0,0,Oui,584,3564000,18,1.37,0
MAD-00531,34,Homme,Célibataire,0,Tissus_Pagnes,7.1,3939000,Oui,Non,Oui,0,0,0,Non,579,4126000,18,1.05,0
MAD-00532,27,Femme,Marié(e),1,Quincaillerie,2.6,4237000,Oui,Non,Non,1,0,0,Non,547,3210000,18,0.76,1
MAD-00533,33,Femme,Marié(e),2,Électronique_Téléphonie,0.9,4327000,Oui,Oui,Oui,0,0,0,Non,850,6866000,24,1.59,0
MAD-00534,42,Homme,Marié(e),2,Alimentation,1.7,1908000,Oui,Non,Oui,2,0,0,Non,631,621000,9,0.33,0
MAD-00535,20,Femme,Marié(e),0,Électronique_Téléphonie,12.5,2583000,Oui,Oui,Non,0,1,52,Non,642,1376000,9,0.53,1
MAD-00536,45,Femme,Marié(e),3,Divers,1.8,3384000,Non,Oui,Oui,1,0,0,Non,662,2215000,12,0.65,0
MAD-00537,32,Homme,Divorcé(e),3,Chaussures,18.9,6490000,Oui,Non,Non,1,0,0,Oui,818,2416000,3,0.37,0
MAD-00538,50,Femme,Marié(e),3,Alimentation,5.6,2762000,Non,Non,Oui,3,0,0,Non,577,917000,12,0.33,0
MAD-00539,18,Femme,Célibataire,0,Électronique_Téléphonie,9.5,3207000,Non,Oui,Oui,1,1,33,Oui,450,481000,18,0.15,0
MAD-00540,29,Femme,Marié(e),1,Cosmétiques,2.3,1751000,Oui,Oui,Oui,1,0,0,Non,787,668000,9,0.38,0
MAD-00541,19,Femme,Célibataire,4,Vêtements,1.1,8275000,Oui,Oui,Oui,1,0,0,Oui,701,767000,6,0.09,0
MAD-00542,28,Femme,Célibataire,1,Quincaillerie,0.1,3223000,Oui,Oui,Oui,1,0,0,Oui,661,1553000,12,0.48,0
MAD-00543,40,Homme,Marié(e),4,Cosmétiques,6.6,5549000,Non,Oui,Oui,1,1,49,Non,664,2586000,18,0.47,0
MAD-00544,36,Femme,Célibataire,3,Électronique_Téléphonie,0.4,3019000,Oui,Oui,Oui,1,1,25,Non,628,647000,6,0.21,0
MAD-00545,35,Femme,Divorcé(e),3,Cosmétiques,0.8,3124000,Oui,Non,Oui,0,0,0,Oui,761,594000,6,0.19,0
MAD-00546,36,Femme,Divorcé(e),1,Vêtements,11.8,1650000,Oui,Oui,Oui,3,0,0,Non,642,1632000,12,0.99,1
MAD-00547,40,Femme,Marié(e),0,Divers,1.4,948000,Oui,Oui,Oui,2,0,0,Oui,701,975000,18,1.03,0
MAD-00548,26,Femme,Marié(e),6,Cosmétiques,1.9,5946000,Non,Non,Oui,2,0,0,Oui,647,6081000,12,1.02,0
MAD-00549,45,Homme,Célibataire,5,Tissus_Pagnes,2.4,3160000,Oui,Oui,Oui,1,0,0,Non,590,1688000,9,0.53,0
MAD-00550,45,Femme,Marié(e),3,Vêtements,2.8,3398000,Oui,Oui,Oui,0,0,0,Oui,601,831000,3,0.24,0
MAD-00551,42,Femme,Divorcé(e),4,Alimentation,1.3,1527000,Oui,Oui,Oui,2,0,0,Oui,584,698000,9,0.46,0
MAD-00552,44,Homme,Marié(e),3,Chaussures,4.1,1923000,Non,Non,Oui,1,0,0,Oui,623,3399000,18,1.77,0
MAD-00553,41,Femme,Divorcé(e),2,Tissus_Pagnes,11.1,5639000,Non,Non,Oui,3,1,71,Oui,452,2372000,6,0.42,0
MAD-00554,60,Femme,Marié(e),1,Quincaillerie,24.5,8438000,Oui,Oui,Non,2,0,0,Non,659,1966000,6,0.23,0
MAD-00555,37,Homme,Marié(e),5,Divers,5.6,2270000,Oui,Oui,Oui,0,1,72,Oui,548,1005000,6,0.44,1
MAD-00556,34,Femme,Veuf(ve),5,Chaussures,8.4,4531000,Non,Non,Oui,1,0,0,Non,618,1604000,6,0.35,0
MAD-00557,29,Femme,Divorcé(e),2,Vêtements,1.5,3329000,Oui,Non,Non,0,0,0,Non,640,1596000,9,0.48,0
MAD-00558,26,Femme,Divorcé(e),2,Chaussures,0.6,2786000,Oui,Oui,Non,1,1,54,Oui,488,2030000,12,0.73,1
MAD-00559,24,Femme,Veuf(ve),2,Alimentation,4.0,8311000,Oui,Oui,Oui,3,0,0,Non,594,5768000,9,0.69,0
MAD-00560,28,Femme,Marié(e),3,Électronique_Téléphonie,18.1,2848000,Oui,Non,Non,1,0,0,Oui,469,300000,12,0.11,0
MAD-00561,37,Homme,Marié(e),2,Tissus_Pagnes,10.9,6180000,Oui,Oui,Non,5,0,0,Oui,609,2757000,9,0.45,0
MAD-00562,41,Femme,Marié(e),3,Quincaillerie,2.0,3708000,Oui,Oui,Non,0,1,56,Non,447,5033000,18,1.36,1
MAD-00563,38,Homme,Marié(e),7,Vêtements,1.7,2982000,Oui,Oui,Non,2,0,0,Non,628,1155000,6,0.39,0
MAD-00564,29,Homme,Marié(e),3,Vêtements,3.9,6408000,Oui,Oui,Non,5,0,0,Oui,555,580000,3,0.09,0
MAD-00565,47,Femme,Veuf(ve),2,Divers,3.8,3584000,Oui,Oui,Non,2,0,0,Non,435,300000,9,0.08,0
MAD-00566,46,Homme,Marié(e),0,Tissus_Pagnes,4.3,2934000,Oui,Oui,Oui,0,0,0,Non,822,7102000,24,2.42,0
MAD-00567,36,Homme,Marié(e),5,Électronique_Téléphonie,3.7,6428000,Oui,Non,Non,3,0,0,Oui,599,4139000,12,0.64,0
MAD-00568,30,Homme,Marié(e),3,Quincaillerie,5.0,6030000,Oui,Oui,Non,1,1,47,Non,679,6960000,12,1.15,0
MAD-00569,44,Femme,Marié(e),4,Tissus_Pagnes,13.7,6140000,Non,Non,Oui,0,0,0,Oui,552,2881000,6,0.47,0
MAD-00570,40,Femme,Marié(e),1,Tissus_Pagnes,2.6,427000,Non,Oui,Oui,1,0,0,Oui,752,300000,6,0.7,0
MAD-00571,22,Femme,Célibataire,1,Tissus_Pagnes,1.8,3822000,Oui,Oui,Non,2,0,0,Oui,516,764000,24,0.2,0
MAD-00572,37,Femme,Marié(e),4,Électronique_Téléphonie,9.9,3621000,Oui,Non,Non,1,1,46,Oui,566,1525000,9,0.42,0
MAD-00573,40,Femme,Célibataire,4,Divers,6.5,3097000,Oui,Non,Non,3,0,0,Non,521,2133000,12,0.69,1
MAD-00574,28,Femme,Divorcé(e),4,Vêtements,0.8,4161000,Non,Oui,Oui,1,0,0,Oui,834,5213000,18,1.25,0
MAD-00575,40,Femme,Célibataire,6,Chaussures,2.4,3486000,Oui,Oui,Non,2,0,0,Oui,597,1278000,12,0.37,0
MAD-00576,21,Homme,Célibataire,4,Vêtements,6.6,4492000,Oui,Oui,Oui,3,0,0,Oui,694,1692000,6,0.38,0
MAD-00577,52,Femme,Marié(e),4,Cosmétiques,11.1,2886000,Non,Non,Non,2,0,0,Oui,640,1087000,6,0.38,0
MAD-00578,51,Femme,Marié(e),3,Électronique_Téléphonie,19.5,7328000,Oui,Oui,Oui,4,0,0,Non,617,1824000,3,0.25,0
MAD-00579,35,Femme,Marié(e),1,Quincaillerie,4.7,4681000,Oui,Non,Oui,2,0,0,Oui,666,5692000,24,1.22,0
MAD-00580,41,Femme,Veuf(ve),6,Tissus_Pagnes,2.0,4046000,Oui,Oui,Oui,1,0,0,Oui,742,5054000,18,1.25,0
MAD-00581,18,Femme,Célibataire,4,Vêtements,2.0,3941000,Non,Oui,Oui,0,0,0,Oui,660,2325000,9,0.59,0
MAD-00582,25,Femme,Marié(e),3,Vêtements,4.7,5731000,Non,Oui,Oui,1,0,0,Oui,614,8276000,18,1.44,0
MAD-00583,34,Femme,Marié(e),4,Alimentation,6.5,5383000,Oui,Oui,Non,2,0,0,Non,666,1222000,6,0.23,0
MAD-00584,26,Femme,Divorcé(e),5,Vêtements,1.6,2828000,Non,Non,Oui,3,0,0,Oui,772,300000,3,0.11,0
MAD-00585,45,Femme,Célibataire,2,Électronique_Téléphonie,5.3,5259000,Oui,Oui,Non,2,0,0,Non,582,827000,3,0.16,0
MAD-00586,59,Femme,Célibataire,3,Vêtements,15.6,3723000,Oui,Non,Non,2,1,87,Non,322,3522000,18,0.95,1
MAD-00587,25,Femme,Divorcé(e),4,Vêtements,1.6,8537000,Non,Oui,Oui,2,0,0,Oui,501,1506000,6,0.18,0
MAD-00588,28,Femme,Célibataire,0,Chaussures,4.7,5551000,Non,Oui,Non,4,0,0,Oui,508,344000,3,0.06,0
MAD-00589,40,Femme,Célibataire,2,Alimentation,3.3,2196000,Non,Non,Non,2,0,0,Oui,520,579000,6,0.26,0
MAD-00590,55,Femme,Marié(e),5,Vêtements,7.6,10887000,Non,Oui,Non,2,1,36,Oui,469,5434000,9,0.5,1
MAD-00591,24,Femme,Marié(e),3,Quincaillerie,3.9,1048000,Oui,Oui,Non,2,0,0,Oui,617,573000,9,0.55,0
MAD-00592,40,Homme,Veuf(ve),8,Alimentation,5.5,4365000,Oui,Oui,Non,2,0,0,Non,642,300000,6,0.07,0
MAD-00593,58,Homme,Célibataire,2,Vêtements,1.3,2056000,Oui,Oui,Non,4,1,61,Oui,549,536000,18,0.26,0
MAD-00594,19,Homme,Marié(e),5,Cosmétiques,3.5,8434000,Oui,Non,Oui,1,0,0,Oui,554,17524000,24,2.08,1
MAD-00595,23,Femme,Célibataire,2,Vêtements,0.9,3426000,Oui,Oui,Oui,2,0,0,Non,709,1102000,6,0.32,0
MAD-00596,33,Femme,Marié(e),1,Vêtements,2.1,1975000,Oui,Oui,Non,2,0,0,Non,668,2762000,24,1.4,0
MAD-00597,32,Femme,Divorcé(e),2,Vêtements,1.3,2594000,Oui,Oui,Oui,1,0,0,Oui,762,1167000,18,0.45,0
MAD-00598,46,Homme,Marié(e),3,Vêtements,20.2,2603000,Non,Oui,Non,2,0,0,Oui,676,2728000,18,1.05,0
MAD-00599,40,Homme,Divorcé(e),0,Quincaillerie,1.2,2536000,Oui,Non,Oui,3,0,0,Oui,588,372000,3,0.15,0
MAD-00600,18,Homme,Marié(e),5,Tissus_Pagnes,1.8,2523000,Oui,Non,Oui,0,0,0,Non,737,1947000,18,0.77,0
MAD-00601,43,Homme,Marié(e),2,Vêtements,0.8,1981000,Non,Oui,Non,0,0,0,Non,624,388000,9,0.2,0
MAD-00602,31,Femme,Marié(e),2,Vêtements,3.0,3522000,Oui,Oui,Oui,1,0,0,Oui,691,387000,3,0.11,0
MAD-00603,52,Homme,Divorcé(e),1,Divers,1.3,3707000,Oui,Oui,Oui,2,0,0,Oui,684,4788000,12,1.29,0
MAD-00604,31,Homme,Marié(e),5,Alimentation,15.7,2181000,Oui,Non,Non,2,0,0,Oui,608,649000,6,0.3,0
MAD-00605,30,Femme,Marié(e),4,Électronique_Téléphonie,0.9,1215000,Non,Oui,Non,1,0,0,Non,609,1138000,12,0.94,1
MAD-00606,43,Homme,Célibataire,1,Vêtements,6.4,3702000,Non,Oui,Non,2,0,0,Oui,588,2373000,12,0.64,0
MAD-00607,46,Femme,Marié(e),2,Divers,7.0,4173000,Oui,Oui,Oui,1,0,0,Oui,543,1898000,9,0.45,0
MAD-00608,42,Homme,Marié(e),5,Vêtements,6.9,4627000,Oui,Non,Non,1,0,0,Oui,426,589000,3,0.13,0
MAD-00609,19,Homme,Marié(e),7,Alimentation,4.7,4146000,Oui,Oui,Non,0,1,37,Non,502,6864000,18,1.66,1
MAD-00610,43,Femme,Divorcé(e),6,Tissus_Pagnes,14.2,7451000,Oui,Oui,Non,0,0,0,Oui,637,1512000,3,0.2,0
MAD-00611,26,Femme,Marié(e),5,Vêtements,4.8,5263000,Non,Non,Oui,2,0,0,Non,697,3656000,18,0.69,1
MAD-00612,40,Femme,Marié(e),1,Chaussures,4.3,13044000,Non,Non,Oui,2,1,40,Oui,611,7589000,12,0.58,0
MAD-00613,22,Homme,Marié(e),4,Cosmétiques,6.2,16465000,Non,Oui,Non,0,0,0,Oui,574,4210000,3,0.26,0
MAD-00614,42,Homme,Marié(e),6,Chaussures,2.4,1197000,Non,Non,Non,1,1,49,Oui,465,300000,9,0.25,1
MAD-00615,29,Femme,Marié(e),4,Alimentation,8.1,1126000,Oui,Oui,Oui,2,0,0,Oui,603,1786000,24,1.59,0
MAD-00616,23,Homme,Marié(e),8,Chaussures,9.9,3243000,Non,Oui,Non,1,0,0,Oui,512,5586000,24,1.72,0
MAD-00617,45,Femme,Marié(e),4,Vêtements,11.6,4251000,Non,Oui,Non,2,0,0,Oui,409,505000,3,0.12,0
MAD-00618,40,Femme,Marié(e),3,Divers,6.1,3020000,Oui,Oui,Oui,1,0,0,Oui,480,1127000,6,0.37,0
MAD-00619,31,Femme,Divorcé(e),2,Chaussures,5.1,4509000,Non,Oui,Non,4,1,71,Oui,617,1918000,6,0.43,0
MAD-00620,53,Femme,Marié(e),3,Cosmétiques,35.0,3599000,Non,Oui,Oui,2,0,0,Non,767,1190000,12,0.33,0
MAD-00621,33,Femme,Marié(e),3,Électronique_Téléphonie,8.2,2265000,Non,Oui,Non,4,0,0,Oui,667,1079000,6,0.48,0
MAD-00622,38,Femme,Divorcé(e),2,Cosmétiques,20.3,2803000,Oui,Oui,Non,1,1,61,Non,523,553000,3,0.2,0
MAD-00623,40,Femme,Divorcé(e),6,Tissus_Pagnes,9.3,2929000,Oui,Oui,Non,0,0,0,Non,494,958000,6,0.33,0
MAD-00624,31,Femme,Célibataire,4,Vêtements,15.5,5169000,Non,Oui,Non,1,0,0,Non,585,7562000,24,1.46,0
MAD-00625,43,Homme,Marié(e),0,Cosmétiques,5.5,2428000,Oui,Oui,Non,2,0,0,Oui,675,1107000,6,0.46,0
MAD-00626,32,Femme,Marié(e),1,Vêtements,2.4,2595000,Non,Oui,Oui,1,0,0,Non,674,3620000,12,1.39,0
MAD-00627,33,Homme,Marié(e),6,Alimentation,0.2,4054000,Oui,Oui,Non,1,1,26,Non,642,895000,3,0.22,0
MAD-00628,52,Femme,Marié(e),8,Électronique_Téléphonie,4.3,2781000,Oui,Oui,Non,2,0,0,Oui,728,2623000,12,0.94,0
MAD-00629,26,Femme,Marié(e),1,Alimentation,0.5,5482000,Oui,Oui,Oui,1,0,0,Oui,794,3117000,9,0.57,0
MAD-00630,18,Femme,Célibataire,1,Cosmétiques,12.3,2153000,Non,Oui,Non,0,0,0,Oui,563,4103000,18,1.91,0
MAD-00631,55,Femme,Marié(e),1,Alimentation,3.3,1682000,Oui,Oui,Oui,1,0,0,Oui,850,438000,12,0.26,0
MAD-00632,66,Femme,Célibataire,4,Tissus_Pagnes,9.8,3791000,Non,Non,Non,1,0,0,Oui,418,300000,3,0.08,0
MAD-00633,33,Femme,Marié(e),0,Électronique_Téléphonie,3.0,3785000,Non,Oui,Non,4,0,0,Oui,529,2117000,9,0.56,1
MAD-00634,18,Femme,Marié(e),5,Alimentation,8.5,2093000,Non,Oui,Non,1,0,0,Non,618,470000,3,0.22,0
MAD-00635,34,Femme,Célibataire,3,Cosmétiques,13.5,6598000,Oui,Oui,Non,2,0,0,Oui,669,330000,6,0.05,0
MAD-00636,34,Femme,Divorcé(e),1,Cosmétiques,9.7,8818000,Oui,Non,Oui,2,0,0,Oui,603,12327000,24,1.4,1
MAD-00637,35,Femme,Marié(e),1,Électronique_Téléphonie,2.0,2154000,Non,Oui,Non,0,0,0,Non,555,1043000,9,0.48,0
MAD-00638,25,Homme,Célibataire,1,Alimentation,8.8,6967000,Oui,Oui,Non,1,0,0,Oui,818,9648000,18,1.38,0
MAD-00639,44,Femme,Marié(e),2,Électronique_Téléphonie,5.9,975000,Oui,Oui,Oui,4,0,0,Oui,571,300000,3,0.31,0
MAD-00640,43,Homme,Marié(e),4,Tissus_Pagnes,2.2,5412000,Non,Oui,Oui,1,1,11,Oui,491,1279000,18,0.24,1
MAD-00641,21,Homme,Célibataire,4,Tissus_Pagnes,2.5,1920000,Oui,Non,Non,0,0,0,Oui,772,1083000,18,0.56,0
MAD-00642,45,Homme,Marié(e),3,Vêtements,1.6,5108000,Oui,Oui,Non,1,0,0,Oui,696,2339000,12,0.46,0
MAD-00643,60,Homme,Marié(e),2,Vêtements,7.9,1980000,Non,Oui,Oui,0,1,6,Oui,689,456000,3,0.23,0
MAD-00644,39,Femme,Marié(e),2,Tissus_Pagnes,10.5,3164000,Oui,Oui,Oui,3,0,0,Non,637,3856000,18,1.22,0
MAD-00645,34,Femme,Marié(e),2,Alimentation,6.1,2077000,Oui,Oui,Oui,1,0,0,Non,496,1601000,18,0.77,1
MAD-00646,36,Femme,Marié(e),0,Tissus_Pagnes,18.3,3179000,Oui,Oui,Non,1,1,83,Oui,503,1182000,6,0.37,0
MAD-00647,44,Homme,Marié(e),1,Cosmétiques,1.5,8138000,Non,Oui,Non,1,0,0,Non,463,6227000,24,0.77,0
MAD-00648,18,Femme,Veuf(ve),6,Tissus_Pagnes,5.1,2940000,Non,Oui,Non,0,0,0,Non,621,5799000,18,1.97,0
MAD-00649,39,Femme,Célibataire,2,Alimentation,0.1,9445000,Non,Non,Non,1,0,0,Non,658,4119000,6,0.44,0
MAD-00650,33,Homme,Marié(e),4,Vêtements,8.9,2659000,Non,Oui,Oui,0,0,0,Oui,696,1244000,6,0.47,0
MAD-00651,58,Femme,Marié(e),7,Tissus_Pagnes,5.0,6869000,Oui,Oui,Non,0,0,0,Non,611,3823000,6,0.56,0
MAD-00652,36,Femme,Célibataire,1,Cosmétiques,12.9,1597000,Oui,Oui,Oui,1,0,0,Oui,687,1204000,9,0.75,0
MAD-00653,56,Homme,Marié(e),5,Quincaillerie,5.4,2689000,Oui,Non,Oui,3,0,0,Oui,538,2862000,18,1.06,0
MAD-00654,25,Femme,Marié(e),2,Tissus_Pagnes,7.8,2437000,Non,Non,Non,1,0,0,Non,686,2356000,18,0.97,0
MAD-00655,44,Femme,Célibataire,1,Cosmétiques,10.7,7212000,Non,Oui,Non,1,0,0,Oui,660,3918000,6,0.54,0
MAD-00656,41,Homme,Marié(e),2,Alimentation,3.0,3365000,Oui,Oui,Non,1,0,0,Oui,547,1787000,9,0.53,0
MAD-00657,28,Femme,Marié(e),1,Divers,5.8,1112000,Non,Oui,Oui,1,0,0,Oui,647,396000,9,0.36,0
MAD-00658,39,Femme,Marié(e),0,Vêtements,9.6,1727000,Non,Oui,Oui,2,0,0,Non,698,1671000,9,0.97,0
MAD-00659,51,Femme,Marié(e),3,Vêtements,2.6,1773000,Oui,Non,Oui,1,0,0,Oui,627,743000,12,0.42,0
MAD-00660,34,Femme,Marié(e),7,Vêtements,3.3,5043000,Oui,Non,Non,1,0,0,Oui,545,906000,12,0.18,0
MAD-00661,19,Femme,Divorcé(e),3,Alimentation,2.0,4665000,Non,Oui,Oui,3,0,0,Non,615,2327000,6,0.5,1
MAD-00662,37,Homme,Marié(e),5,Électronique_Téléphonie,3.4,2609000,Oui,Non,Non,2,1,26,Oui,630,627000,6,0.24,0
MAD-00663,28,Homme,Célibataire,4,Vêtements,1.0,2218000,Oui,Oui,Non,1,0,0,Oui,545,2763000,18,1.25,1
MAD-00664,34,Femme,Célibataire,3,Vêtements,2.6,4464000,Non,Oui,Non,1,0,0,Non,509,2779000,6,0.62,1
MAD-00665,37,Femme,Marié(e),2,Alimentation,0.6,1607000,Oui,Non,Non,3,1,54,Non,585,347000,9,0.22,0
MAD-00666,19,Femme,Marié(e),3,Divers,1.9,3862000,Oui,Oui,Oui,0,0,0,Non,694,5312000,24,1.38,0
MAD-00667,20,Homme,Marié(e),6,Électronique_Téléphonie,4.6,3769000,Non,Non,Non,3,1,87,Oui,662,6473000,18,1.72,1
MAD-00668,43,Femme,Célibataire,7,Quincaillerie,2.8,2627000,Oui,Oui,Non,0,0,0,Oui,679,2376000,12,0.9,1
MAD-00669,32,Femme,Marié(e),2,Électronique_Téléphonie,6.6,3879000,Oui,Oui,Non,2,1,1,Non,509,1253000,6,0.32,0
MAD-00670,18,Femme,Célibataire,5,Quincaillerie,5.7,3300000,Oui,Oui,Non,1,0,0,Oui,803,4675000,12,1.42,0
MAD-00671,46,Homme,Divorcé(e),1,Tissus_Pagnes,4.7,4030000,Non,Non,Oui,1,0,0,Non,694,2706000,12,0.67,1
MAD-00672,40,Femme,Célibataire,4,Alimentation,0.3,1429000,Oui,Oui,Oui,2,0,0,Oui,439,878000,9,0.61,0
MAD-00673,30,Homme,Veuf(ve),0,Vêtements,14.7,4588000,Non,Oui,Oui,3,0,0,Non,507,1370000,3,0.3,0
MAD-00674,23,Femme,Célibataire,3,Vêtements,2.9,5289000,Non,Oui,Non,1,1,7,Oui,545,2629000,6,0.5,0
MAD-00675,47,Homme,Divorcé(e),3,Chaussures,6.0,3709000,Oui,Oui,Non,2,1,48,Non,623,3050000,9,0.82,0
MAD-00676,41,Femme,Divorcé(e),1,Alimentation,9.3,4396000,Non,Oui,Non,1,0,0,Oui,385,3782000,24,0.86,1
MAD-00677,64,Femme,Célibataire,2,Alimentation,1.8,2838000,Non,Oui,Non,0,0,0,Non,589,3032000,12,1.07,1
MAD-00678,42,Homme,Divorcé(e),4,Chaussures,1.1,4862000,Non,Oui,Oui,1,1,43,Oui,605,913000,3,0.19,1
MAD-00679,42,Homme,Veuf(ve),5,Alimentation,0.2,3072000,Oui,Oui,Non,0,1,58,Oui,300,732000,6,0.24,0
MAD-00680,36,Femme,Marié(e),2,Alimentation,12.2,1939000,Oui,Oui,Non,1,1,77,Oui,571,1115000,9,0.58,0
MAD-00681,46,Femme,Célibataire,4,Alimentation,1.4,4686000,Non,Oui,Oui,1,0,0,Oui,678,2661000,9,0.57,0
MAD-00682,44,Femme,Marié(e),3,Chaussures,25.3,1963000,Non,Non,Non,1,1,19,Oui,495,619000,3,0.32,1
MAD-00683,51,Femme,Divorcé(e),3,Alimentation,2.3,3525000,Non,Non,Non,2,0,0,Oui,496,5741000,24,1.63,0
MAD-00684,32,Femme,Marié(e),3,Alimentation,8.3,2643000,Oui,Oui,Non,1,0,0,Non,542,1846000,18,0.7,0
MAD-00685,33,Homme,Divorcé(e),1,Vêtements,0.3,2321000,Oui,Non,Oui,1,0,0,Non,379,1841000,24,0.79,0
MAD-00686,32,Femme,Célibataire,2,Chaussures,7.7,3482000,Oui,Non,Non,3,0,0,Non,590,1791000,9,0.51,0
MAD-00687,46,Homme,Veuf(ve),1,Alimentation,1.2,2038000,Non,Oui,Non,1,1,58,Oui,532,905000,18,0.44,0
MAD-00688,54,Femme,Marié(e),3,Alimentation,0.4,3932000,Non,Oui,Non,2,0,0,Oui,490,1909000,12,0.49,0
MAD-00689,32,Femme,Célibataire,1,Quincaillerie,0.6,3070000,Non,Oui,Oui,1,0,0,Oui,687,1443000,9,0.47,0
MAD-00690,33,Femme,Célibataire,4,Électronique_Téléphonie,7.4,2328000,Oui,Oui,Oui,0,0,0,Oui,629,334000,3,0.14,0
MAD-00691,41,Femme,Veuf(ve),4,Alimentation,0.7,6196000,Non,Oui,Non,1,0,0,Non,623,2844000,6,0.46,0
MAD-00692,35,Femme,Divorcé(e),6,Vêtements,2.4,3383000,Oui,Oui,Oui,1,0,0,Non,583,810000,6,0.24,0
MAD-00693,48,Femme,Célibataire,5,Alimentation,9.4,4467000,Oui,Oui,Oui,1,0,0,Oui,686,670000,18,0.15,0
MAD-00694,18,Homme,Célibataire,3,Chaussures,3.5,6552000,Oui,Oui,Non,0,0,0,Oui,736,1273000,12,0.19,0
MAD-00695,28,Homme,Marié(e),3,Vêtements,0.2,6395000,Oui,Oui,Oui,1,0,0,Oui,583,8885000,24,1.39,0
MAD-00696,29,Homme,Veuf(ve),1,Quincaillerie,1.3,4108000,Non,Oui,Oui,2,0,0,Oui,668,1614000,9,0.39,0
MAD-00697,18,Femme,Marié(e),6,Électronique_Téléphonie,1.8,2558000,Oui,Oui,Non,1,0,0,Oui,689,300000,3,0.12,0
MAD-00698,27,Femme,Célibataire,4,Cosmétiques,3.9,1464000,Oui,Non,Oui,3,0,0,Oui,657,1414000,9,0.97,1
MAD-00699,27,Femme,Célibataire,3,Alimentation,20.0,3914000,Oui,Oui,Non,1,1,43,Oui,706,928000,3,0.24,0
MAD-00700,35,Femme,Marié(e),1,Quincaillerie,4.0,5521000,Oui,Oui,Oui,1,1,32,Oui,506,5652000,18,1.02,0
MAD-00701,50,Femme,Marié(e),4,Chaussures,5.1,3747000,Non,Oui,Oui,2,0,0,Non,562,1443000,6,0.39,0
MAD-00702,35,Femme,Marié(e),2,Électronique_Téléphonie,3.7,556000,Oui,Oui,Oui,1,0,0,Non,550,300000,6,0.54,0
MAD-00703,26,Femme,Divorcé(e),5,Alimentation,1.1,4806000,Oui,Non,Oui,1,0,0,Oui,685,1167000,9,0.24,0
MAD-00704,37,Femme,Marié(e),6,Chaussures,3.6,5045000,Oui,Oui,Oui,2,0,0,Oui,595,7637000,18,1.51,0
MAD-00705,49,Femme,Marié(e),1,Électronique_Téléphonie,35.0,3556000,Non,Non,Non,2,0,0,Oui,537,2548000,9,0.72,0
MAD-00706,27,Femme,Célibataire,2,Divers,5.5,5259000,Oui,Non,Non,0,1,29,Non,726,300000,3,0.06,1
MAD-00707,27,Femme,Marié(e),2,Cosmétiques,10.2,4484000,Oui,Oui,Oui,0,1,32,Oui,734,3443000,12,0.77,1
MAD-00708,44,Femme,Divorcé(e),2,Tissus_Pagnes,4.6,2167000,Oui,Oui,Oui,2,0,0,Non,590,434000,3,0.2,0
MAD-00709,35,Femme,Marié(e),4,Tissus_Pagnes,22.8,6636000,Oui,Oui,Non,0,1,74,Oui,385,4005000,12,0.6,1
MAD-00710,45,Femme,Marié(e),0,Chaussures,1.2,1509000,Oui,Oui,Non,1,1,45,Non,720,2006000,12,1.33,1
MAD-00711,37,Femme,Marié(e),5,Quincaillerie,2.8,2950000,Oui,Oui,Oui,0,0,0,Oui,662,1913000,6,0.65,0
MAD-00712,45,Homme,Marié(e),2,Cosmétiques,4.2,2839000,Non,Oui,Oui,1,1,1,Oui,636,1249000,9,0.44,0
MAD-00713,26,Femme,Marié(e),5,Vêtements,1.7,1930000,Oui,Oui,Oui,2,1,19,Oui,600,305000,3,0.16,1
MAD-00714,37,Femme,Célibataire,3,Alimentation,3.0,3586000,Oui,Oui,Non,1,1,1,Oui,546,1072000,6,0.3,0
MAD-00715,35,Homme,Marié(e),2,Cosmétiques,10.6,6399000,Non,Oui,Oui,4,1,72,Oui,454,3306000,12,0.52,1
MAD-00716,24,Femme,Marié(e),3,Électronique_Téléphonie,9.0,6145000,Oui,Oui,Non,0,0,0,Non,680,1302000,6,0.21,0
MAD-00717,20,Homme,Marié(e),1,Alimentation,4.1,4527000,Oui,Oui,Oui,2,0,0,Non,579,964000,3,0.21,0
MAD-00718,45,Homme,Marié(e),0,Vêtements,1.2,1200000,Oui,Oui,Oui,3,1,26,Non,619,1546000,12,1.29,0
MAD-00719,34,Femme,Veuf(ve),3,Quincaillerie,0.7,1440000,Oui,Oui,Non,2,0,0,Non,621,1678000,12,1.17,1
MAD-00720,26,Femme,Marié(e),2,Tissus_Pagnes,6.7,3442000,Oui,Oui,Oui,2,0,0,Oui,524,4836000,18,1.4,0
MAD-00721,36,Homme,Veuf(ve),5,Vêtements,1.1,2936000,Non,Oui,Non,2,0,0,Non,745,440000,18,0.15,0
MAD-00722,50,Homme,Marié(e),1,Vêtements,10.8,2573000,Oui,Oui,Non,1,0,0,Non,673,300000,9,0.12,0
MAD-00723,18,Femme,Marié(e),4,Vêtements,8.5,8690000,Non,Oui,Non,5,0,0,Oui,629,6643000,9,0.76,0
MAD-00724,21,Femme,Marié(e),4,Alimentation,12.5,3510000,Non,Oui,Non,1,1,14,Non,628,3122000,9,0.89,0
MAD-00725,27,Femme,Marié(e),2,Cosmétiques,5.3,4145000,Oui,Oui,Oui,1,0,0,Non,458,3590000,12,0.87,0
MAD-00726,54,Femme,Célibataire,2,Cosmétiques,2.4,5165000,Non,Oui,Oui,3,0,0,Non,555,2357000,9,0.46,0
MAD-00727,41,Homme,Marié(e),2,Cosmétiques,3.2,3145000,Oui,Oui,Non,2,0,0,Non,482,6955000,24,2.21,0
MAD-00728,46,Femme,Marié(e),3,Cosmétiques,3.2,12396000,Oui,Oui,Non,0,0,0,Oui,631,11480000,12,0.93,0
MAD-00729,25,Homme,Célibataire,2,Alimentation,18.0,2303000,Non,Oui,Oui,0,1,60,Non,539,1199000,6,0.52,0
MAD-00730,25,Homme,Célibataire,4,Alimentation,4.6,2257000,Oui,Non,Oui,2,1,5,Oui,625,323000,12,0.14,0
MAD-00731,42,Femme,Veuf(ve),4,Alimentation,0.5,1776000,Non,Oui,Oui,0,1,20,Non,676,713000,6,0.4,1
MAD-00732,38,Femme,Veuf(ve),3,Alimentation,3.8,7100000,Oui,Oui,Oui,0,0,0,Non,485,17500000,24,2.46,0
MAD-00733,44,Homme,Célibataire,5,Chaussures,0.8,4622000,Oui,Oui,Oui,2,1,79,Oui,429,1983000,6,0.43,1
MAD-00734,35,Homme,Divorcé(e),2,Alimentation,0.1,2196000,Oui,Oui,Non,0,0,0,Oui,657,2162000,12,0.98,1
MAD-00735,41,Homme,Célibataire,4,Cosmétiques,6.0,2019000,Oui,Non,Non,0,0,0,Non,643,1435000,12,0.71,0
MAD-00736,39,Femme,Marié(e),1,Alimentation,2.6,6414000,Oui,Non,Oui,3,0,0,Oui,501,1173000,3,0.18,0
MAD-00737,46,Femme,Célibataire,3,Alimentation,1.1,3642000,Oui,Oui,Oui,2,0,0,Oui,727,4082000,12,1.12,0
MAD-00738,46,Femme,Marié(e),5,Alimentation,16.8,6929000,Oui,Non,Oui,2,0,0,Oui,758,1729000,6,0.25,0
MAD-00739,20,Homme,Célibataire,2,Tissus_Pagnes,12.8,3246000,Oui,Oui,Oui,2,0,0,Non,658,762000,6,0.23,0
MAD-00740,18,Femme,Veuf(ve),1,Cosmétiques,1.9,3976000,Non,Oui,Non,3,0,0,Oui,464,553000,3,0.14,0
MAD-00741,49,Femme,Marié(e),5,Électronique_Téléphonie,4.1,3612000,Oui,Oui,Oui,3,1,68,Oui,532,3831000,18,1.06,1
MAD-00742,51,Femme,Divorcé(e),1,Alimentation,7.8,2333000,Oui,Oui,Non,1,0,0,Non,650,759000,18,0.33,0
MAD-00743,26,Femme,Veuf(ve),4,Cosmétiques,1.3,2771000,Non,Oui,Non,1,0,0,Oui,575,637000,3,0.23,0
MAD-00744,18,Homme,Marié(e),2,Chaussures,1.7,1593000,Non,Oui,Non,3,1,16,Non,697,1555000,18,0.98,1
MAD-00745,39,Femme,Marié(e),5,Vêtements,7.7,4113000,Non,Oui,Non,1,0,0,Oui,589,5899000,18,1.43,0
MAD-00746,48,Femme,Veuf(ve),3,Alimentation,15.4,4958000,Non,Non,Non,0,0,0,Oui,789,300000,3,0.06,0
MAD-00747,57,Homme,Veuf(ve),2,Alimentation,6.9,5306000,Oui,Oui,Non,0,0,0,Non,690,10158000,24,1.91,0
MAD-00748,43,Homme,Marié(e),1,Alimentation,33.3,5267000,Oui,Oui,Oui,1,0,0,Oui,644,1450000,3,0.28,0
MAD-00749,33,Femme,Marié(e),4,Quincaillerie,1.7,2808000,Non,Non,Non,0,0,0,Non,682,3503000,18,1.25,0
MAD-00750,28,Femme,Célibataire,3,Vêtements,16.8,7449000,Oui,Oui,Oui,2,1,13,Oui,738,3961000,9,0.53,0
MAD-00751,38,Homme,Marié(e),4,Tissus_Pagnes,10.9,5159000,Non,Oui,Oui,2,0,0,Non,680,9901000,24,1.92,0
MAD-00752,34,Homme,Marié(e),4,Chaussures,1.7,6399000,Oui,Oui,Non,1,0,0,Oui,613,3460000,6,0.54,1
MAD-00753,26,Femme,Marié(e),0,Vêtements,3.1,6664000,Non,Oui,Oui,0,0,0,Non,540,2855000,6,0.43,0
MAD-00754,60,Femme,Marié(e),1,Cosmétiques,8.0,3000000,Non,Oui,Oui,2,0,0,Oui,499,3957000,18,1.32,0
MAD-00755,57,Femme,Célibataire,6,Alimentation,19.9,4258000,Oui,Oui,Oui,4,0,0,Non,400,5097000,12,1.2,0
MAD-00756,50,Femme,Célibataire,2,Tissus_Pagnes,1.7,4580000,Oui,Oui,Oui,4,1,55,Oui,553,4252000,12,0.93,1
MAD-00757,27,Homme,Célibataire,3,Alimentation,17.6,2100000,Non,Oui,Oui,3,0,0,Non,565,966000,12,0.46,1
MAD-00758,47,Femme,Célibataire,7,Vêtements,2.9,1678000,Non,Non,Oui,2,0,0,Oui,569,1812000,12,1.08,1
MAD-00759,45,Femme,Marié(e),1,Vêtements,5.1,1601000,Non,Non,Non,0,0,0,Oui,692,300000,3,0.19,0
MAD-00760,42,Homme,Marié(e),5,Chaussures,3.0,2877000,Non,Oui,Non,2,0,0,Non,589,511000,3,0.18,0
MAD-00761,51,Homme,Marié(e),1,Cosmétiques,2.8,2546000,Oui,Non,Oui,2,0,0,Oui,790,932000,6,0.37,0
MAD-00762,44,Homme,Marié(e),2,Chaussures,1.7,1394000,Oui,Non,Non,1,0,0,Non,568,690000,6,0.49,0
MAD-00763,46,Femme,Marié(e),4,Alimentation,5.1,3364000,Oui,Non,Non,2,0,0,Non,532,6180000,18,1.84,1
MAD-00764,45,Femme,Marié(e),1,Divers,1.4,2848000,Non,Oui,Non,1,0,0,Oui,486,1007000,6,0.35,0
MAD-00765,41,Femme,Marié(e),1,Alimentation,27.5,6492000,Non,Oui,Non,0,0,0,Non,665,5937000,9,0.91,0
MAD-00766,18,Femme,Marié(e),4,Électronique_Téléphonie,8.2,9196000,Oui,Oui,Non,1,1,29,Oui,680,1723000,3,0.19,0
MAD-00767,38,Femme,Célibataire,5,Chaussures,2.9,3889000,Non,Non,Oui,3,0,0,Non,546,6537000,18,1.68,0
MAD-00768,31,Femme,Célibataire,2,Cosmétiques,3.3,2115000,Oui,Oui,Non,2,0,0,Oui,524,402000,3,0.19,0
MAD-00769,23,Femme,Veuf(ve),1,Tissus_Pagnes,5.6,4389000,Non,Non,Non,0,0,0,Oui,737,606000,3,0.14,0
MAD-00770,56,Homme,Célibataire,3,Chaussures,4.0,3093000,Oui,Oui,Non,0,0,0,Non,489,5923000,18,1.91,0
MAD-00771,57,Homme,Célibataire,5,Chaussures,4.4,2724000,Oui,Oui,Oui,3,0,0,Non,710,357000,3,0.13,0
MAD-00772,52,Femme,Marié(e),2,Alimentation,6.2,2028000,Oui,Oui,Non,3,0,0,Non,568,1021000,12,0.5,1
MAD-00773,40,Femme,Célibataire,3,Électronique_Téléphonie,2.9,2378000,Non,Non,Non,0,1,8,Non,623,384000,6,0.16,0
MAD-00774,52,Femme,Marié(e),5,Alimentation,15.8,3156000,Non,Oui,Oui,3,0,0,Oui,696,3409000,12,1.08,1
MAD-00775,38,Femme,Marié(e),1,Tissus_Pagnes,1.3,4642000,Oui,Oui,Non,0,0,0,Oui,662,1336000,3,0.29,0
MAD-00776,40,Femme,Marié(e),2,Cosmétiques,0.1,3921000,Oui,Non,Non,3,0,0,Oui,593,1592000,6,0.41,1
MAD-00777,25,Femme,Marié(e),0,Électronique_Téléphonie,0.1,8076000,Oui,Oui,Non,2,1,19,Non,717,2452000,9,0.3,0
MAD-00778,42,Homme,Marié(e),3,Tissus_Pagnes,1.9,4343000,Oui,Oui,Oui,0,0,0,Oui,646,3031000,12,0.7,0
MAD-00779,38,Femme,Célibataire,3,Vêtements,13.1,4128000,Oui,Oui,Non,1,1,52,Non,850,3772000,18,0.91,1
MAD-00780,23,Homme,Divorcé(e),7,Tissus_Pagnes,0.7,2520000,Oui,Non,Non,1,0,0,Oui,466,492000,6,0.2,0
MAD-00781,37,Femme,Célibataire,4,Vêtements,5.3,1831000,Non,Oui,Oui,1,0,0,Oui,445,1013000,12,0.55,1
MAD-00782,37,Femme,Célibataire,7,Tissus_Pagnes,1.1,2195000,Non,Oui,Non,2,1,19,Non,660,935000,6,0.43,1
MAD-00783,57,Femme,Marié(e),5,Tissus_Pagnes,7.8,2247000,Oui,Oui,Oui,1,0,0,Oui,617,1165000,12,0.52,0
MAD-00784,47,Femme,Marié(e),4,Électronique_Téléphonie,1.0,753000,Non,Oui,Non,3,0,0,Oui,671,1186000,24,1.58,0
MAD-00785,38,Femme,Célibataire,3,Vêtements,0.2,1704000,Oui,Oui,Non,1,0,0,Oui,521,300000,3,0.18,0
MAD-00786,40,Homme,Marié(e),2,Alimentation,2.1,7203000,Non,Oui,Non,3,1,46,Non,535,2168000,3,0.3,1
MAD-00787,38,Femme,Marié(e),2,Tissus_Pagnes,0.3,3632000,Oui,Non,Non,0,1,39,Oui,602,2116000,12,0.58,0
MAD-00788,35,Femme,Marié(e),5,Alimentation,2.2,2471000,Oui,Oui,Oui,1,0,0,Oui,571,3562000,18,1.44,0
MAD-00789,26,Femme,Veuf(ve),0,Vêtements,11.1,4016000,Non,Non,Non,2,1,57,Oui,535,3039000,12,0.76,0
MAD-00790,36,Femme,Célibataire,4,Vêtements,0.2,1016000,Oui,Non,Oui,2,0,0,Non,497,625000,9,0.62,1
MAD-00791,29,Femme,Marié(e),4,Tissus_Pagnes,10.3,3763000,Non,Oui,Non,1,0,0,Oui,635,1356000,12,0.36,0
MAD-00792,24,Femme,Célibataire,1,Vêtements,8.4,6224000,Non,Oui,Oui,1,1,18,Non,703,1468000,6,0.24,0
MAD-00793,43,Homme,Marié(e),3,Cosmétiques,15.3,3226000,Non,Oui,Non,5,0,0,Oui,488,3088000,24,0.96,0
MAD-00794,42,Femme,Marié(e),1,Électronique_Téléphonie,12.6,1494000,Oui,Oui,Non,2,0,0,Non,503,1586000,18,1.06,0
MAD-00795,18,Femme,Marié(e),4,Tissus_Pagnes,2.7,2437000,Oui,Oui,Oui,1,1,44,Non,661,4013000,18,1.65,0
MAD-00796,36,Homme,Marié(e),5,Vêtements,11.6,6326000,Oui,Oui,Oui,6,0,0,Non,501,7876000,18,1.25,1
MAD-00797,48,Homme,Célibataire,4,Alimentation,13.4,3812000,Oui,Oui,Oui,3,1,66,Oui,596,3278000,24,0.86,1
MAD-00798,49,Femme,Marié(e),4,Alimentation,7.6,1584000,Non,Oui,Oui,2,0,0,Oui,604,300000,3,0.19,0
MAD-00799,49,Femme,Célibataire,7,Cosmétiques,0.4,10889000,Oui,Oui,Oui,1,0,0,Oui,582,11038000,18,1.01,0
MAD-00800,38,Femme,Marié(e),1,Chaussures,3.3,1583000,Oui,Oui,Non,1,1,38,Oui,694,471000,6,0.3,1
MAD-00801,28,Femme,Célibataire,4,Alimentation,2.2,2654000,Oui,Oui,Non,1,0,0,Oui,703,923000,6,0.35,0
MAD-00802,26,Femme,Célibataire,0,Alimentation,14.1,2095000,Non,Oui,Non,0,0,0,Oui,625,973000,6,0.46,0
MAD-00803,41,Homme,Célibataire,2,Vêtements,0.0,1673000,Non,Oui,Oui,1,1,59,Oui,317,405000,6,0.24,1
MAD-00804,42,Femme,Célibataire,2,Vêtements,1.3,2346000,Oui,Oui,Oui,0,0,0,Oui,684,1049000,9,0.45,0
MAD-00805,52,Homme,Veuf(ve),3,Divers,10.8,4521000,Oui,Oui,Non,0,0,0,Oui,523,3373000,9,0.75,0
MAD-00806,50,Femme,Marié(e),4,Alimentation,5.4,6177000,Non,Oui,Non,0,0,0,Oui,580,1298000,3,0.21,0
MAD-00807,36,Homme,Célibataire,2,Alimentation,0.6,2410000,Oui,Oui,Non,0,0,0,Non,620,1306000,6,0.54,0
MAD-00808,24,Homme,Célibataire,4,Vêtements,6.0,1877000,Non,Oui,Non,2,0,0,Oui,770,1061000,6,0.57,0
MAD-00809,34,Femme,Marié(e),1,Alimentation,8.2,4095000,Non,Non,Non,1,0,0,Non,577,1195000,12,0.29,0
MAD-00810,40,Femme,Marié(e),4,Alimentation,12.9,4298000,Non,Oui,Non,2,1,11,Oui,455,2535000,9,0.59,1
MAD-00811,35,Femme,Marié(e),1,Vêtements,20.4,3988000,Oui,Oui,Non,0,0,0,Non,752,2184000,12,0.55,0
MAD-00812,31,Homme,Marié(e),3,Vêtements,0.5,3457000,Non,Oui,Oui,1,1,20,Oui,635,1177000,12,0.34,0
MAD-00813,40,Femme,Marié(e),2,Alimentation,3.9,2897000,Non,Non,Non,0,1,31,Oui,622,1342000,12,0.46,0
MAD-00814,32,Femme,Marié(e),3,Cosmétiques,7.3,3341000,Oui,Non,Non,2,0,0,Non,753,1019000,6,0.3,0
MAD-00815,31,Femme,Célibataire,4,Tissus_Pagnes,4.4,2809000,Non,Oui,Oui,1,1,43,Oui,690,1289000,9,0.46,0
MAD-00816,41,Homme,Marié(e),6,Alimentation,10.0,5629000,Oui,Oui,Non,1,0,0,Oui,539,2187000,9,0.39,0
MAD-00817,33,Femme,Divorcé(e),5,Électronique_Téléphonie,32.5,11051000,Non,Oui,Non,3,0,0,Oui,474,1923000,3,0.17,0
MAD-00818,40,Femme,Marié(e),4,Vêtements,35.0,4315000,Non,Oui,Non,2,1,76,Non,561,9282000,18,2.15,0
MAD-00819,41,Homme,Célibataire,0,Divers,6.4,3139000,Oui,Oui,Oui,1,1,43,Non,531,300000,3,0.1,0
MAD-00820,25,Femme,Marié(e),4,Quincaillerie,7.6,3633000,Oui,Non,Oui,1,0,0,Oui,604,7565000,24,2.08,0
MAD-00821,32,Homme,Marié(e),2,Tissus_Pagnes,14.7,2501000,Oui,Oui,Non,2,0,0,Non,519,434000,3,0.17,0
MAD-00822,53,Femme,Marié(e),4,Vêtements,0.1,4508000,Oui,Oui,Oui,0,0,0,Oui,672,2563000,12,0.57,0
MAD-00823,25,Femme,Célibataire,1,Électronique_Téléphonie,1.2,3806000,Non,Oui,Oui,3,1,69,Oui,532,300000,6,0.08,1
MAD-00824,18,Homme,Marié(e),4,Vêtements,1.3,2386000,Oui,Oui,Oui,0,0,0,Oui,606,3324000,18,1.39,0
MAD-00825,18,Femme,Veuf(ve),3,Alimentation,10.3,5167000,Non,Oui,Oui,1,0,0,Oui,475,2075000,18,0.4,0
MAD-00826,38,Homme,Marié(e),2,Tissus_Pagnes,20.0,3589000,Oui,Oui,Non,0,0,0,Non,728,851000,3,0.24,0
MAD-00827,38,Femme,Célibataire,6,Tissus_Pagnes,3.8,1849000,Non,Oui,Non,2,0,0,Non,623,565000,3,0.31,0
MAD-00828,36,Femme,Marié(e),2,Électronique_Téléphonie,0.9,3616000,Non,Oui,Oui,1,0,0,Non,700,1140000,12,0.32,0
MAD-00829,51,Femme,Célibataire,4,Chaussures,7.1,3583000,Non,Oui,Non,2,0,0,Non,410,941000,3,0.26,0
MAD-00830,18,Femme,Marié(e),3,Électronique_Téléphonie,1.5,5061000,Non,Non,Oui,2,0,0,Oui,605,895000,3,0.18,0
MAD-00831,42,Femme,Marié(e),3,Chaussures,4.3,4802000,Non,Non,Oui,2,0,0,Non,535,960000,24,0.2,0
MAD-00832,55,Femme,Marié(e),1,Cosmétiques,0.8,2809000,Non,Oui,Non,2,0,0,Oui,603,951000,12,0.34,0
MAD-00833,25,Femme,Marié(e),3,Tissus_Pagnes,4.5,2417000,Non,Oui,Non,3,0,0,Non,684,455000,3,0.19,0
MAD-00834,33,Femme,Marié(e),5,Divers,4.6,3099000,Oui,Non,Oui,1,0,0,Oui,653,1907000,9,0.62,0
MAD-00835,29,Femme,Veuf(ve),3,Divers,5.6,3780000,Oui,Oui,Non,0,1,81,Non,500,427000,6,0.11,1
MAD-00836,28,Femme,Marié(e),3,Électronique_Téléphonie,5.8,4034000,Oui,Non,Oui,1,0,0,Non,621,4293000,18,1.06,0
MAD-00837,34,Homme,Marié(e),4,Chaussures,2.8,3575000,Non,Non,Non,1,0,0,Oui,459,846000,3,0.24,0
MAD-00838,53,Femme,Veuf(ve),3,Cosmétiques,14.2,3240000,Non,Oui,Oui,0,0,0,Oui,518,1619000,6,0.5,0
MAD-00839,58,Femme,Marié(e),4,Vêtements,0.8,5142000,Oui,Oui,Non,2,0,0,Oui,720,1481000,6,0.29,0
MAD-00840,34,Homme,Marié(e),1,Électronique_Téléphonie,0.5,2056000,Non,Oui,Non,1,1,52,Oui,476,3419000,24,1.66,1
MAD-00841,58,Homme,Célibataire,1,Alimentation,4.0,11687000,Oui,Oui,Oui,0,1,9,Non,709,2985000,3,0.26,0
MAD-00842,38,Femme,Divorcé(e),2,Vêtements,0.4,4512000,Non,Oui,Non,3,0,0,Oui,674,4312000,12,0.96,0
MAD-00843,57,Femme,Célibataire,5,Vêtements,0.9,1618000,Oui,Non,Non,2,0,0,Oui,699,1174000,9,0.73,0
MAD-00844,36,Femme,Marié(e),2,Cosmétiques,0.9,3302000,Oui,Oui,Oui,0,0,0,Oui,649,3636000,18,1.1,0
MAD-00845,39,Femme,Veuf(ve),3,Cosmétiques,0.6,4542000,Non,Oui,Non,0,0,0,Oui,560,1525000,6,0.34,1
MAD-00846,42,Homme,Marié(e),2,Alimentation,9.6,2729000,Oui,Oui,Non,2,0,0,Oui,606,3200000,18,1.17,0
MAD-00847,72,Homme,Veuf(ve),1,Alimentation,2.2,1366000,Non,Oui,Oui,0,1,55,Non,575,1286000,24,0.94,1
MAD-00848,47,Femme,Divorcé(e),3,Vêtements,18.5,2225000,Non,Oui,Non,0,0,0,Non,408,1150000,6,0.52,0
MAD-00849,30,Homme,Veuf(ve),0,Vêtements,5.4,4147000,Non,Non,Oui,4,1,84,Non,585,499000,6,0.12,1
MAD-00850,48,Femme,Marié(e),1,Alimentation,13.8,1541000,Oui,Oui,Non,2,0,0,Oui,574,1691000,24,1.1,0
MAD-00851,34,Femme,Marié(e),2,Chaussures,5.8,1507000,Oui,Non,Non,2,0,0,Oui,612,779000,9,0.52,0
MAD-00852,32,Homme,Célibataire,4,Vêtements,4.0,4094000,Oui,Non,Non,3,0,0,Oui,613,5164000,18,1.26,1
MAD-00853,47,Femme,Marié(e),2,Vêtements,5.0,2767000,Oui,Oui,Non,0,0,0,Oui,616,3724000,18,1.35,1
MAD-00854,38,Femme,Marié(e),2,Vêtements,2.1,2080000,Oui,Non,Non,1,1,74,Oui,390,1193000,6,0.57,1
MAD-00855,41,Femme,Veuf(ve),4,Tissus_Pagnes,3.9,2370000,Oui,Oui,Oui,1,0,0,Oui,633,857000,6,0.36,0
MAD-00856,38,Homme,Célibataire,2,Électronique_Téléphonie,0.8,1341000,Non,Oui,Oui,2,0,0,Non,653,325000,6,0.24,0
MAD-00857,41,Femme,Marié(e),1,Alimentation,4.5,3996000,Non,Oui,Non,3,1,3,Oui,411,1967000,9,0.49,1
MAD-00858,42,Femme,Marié(e),5,Vêtements,7.6,2126000,Non,Oui,Oui,0,0,0,Non,482,963000,9,0.45,0
MAD-00859,18,Femme,Marié(e),4,Chaussures,6.4,2395000,Oui,Oui,Non,0,0,0,Non,700,2050000,12,0.86,0
MAD-00860,45,Femme,Marié(e),3,Alimentation,2.2,3645000,Oui,Oui,Oui,2,0,0,Non,683,1039000,9,0.29,0
MAD-00861,27,Femme,Marié(e),4,Électronique_Téléphonie,0.9,2596000,Oui,Oui,Oui,1,0,0,Oui,646,2521000,18,0.97,0
MAD-00862,22,Homme,Divorcé(e),5,Divers,7.2,2224000,Oui,Non,Oui,1,1,47,Non,488,660000,3,0.3,0
MAD-00863,37,Homme,Célibataire,2,Cosmétiques,12.9,1377000,Oui,Oui,Non,0,0,0,Oui,684,779000,9,0.57,0
MAD-00864,38,Homme,Marié(e),1,Divers,0.7,3641000,Non,Oui,Oui,2,1,66,Oui,392,350000,3,0.1,1
MAD-00865,30,Homme,Marié(e),3,Vêtements,1.8,3143000,Non,Non,Oui,0,0,0,Oui,587,470000,3,0.15,0
MAD-00866,47,Femme,Célibataire,2,Vêtements,3.6,2333000,Oui,Oui,Non,0,0,0,Oui,502,300000,6,0.13,0
MAD-00867,23,Femme,Divorcé(e),1,Alimentation,10.5,1987000,Non,Oui,Non,1,0,0,Oui,585,2034000,18,1.02,0
MAD-00868,33,Femme,Divorcé(e),2,Alimentation,4.1,3102000,Non,Oui,Non,3,1,83,Non,382,1852000,6,0.6,0
MAD-00869,31,Femme,Marié(e),4,Vêtements,6.1,4036000,Oui,Oui,Oui,4,0,0,Non,688,694000,6,0.17,0
MAD-00870,37,Homme,Divorcé(e),5,Tissus_Pagnes,1.0,3151000,Non,Oui,Oui,0,0,0,Oui,638,829000,12,0.26,0
MAD-00871,41,Homme,Marié(e),2,Tissus_Pagnes,1.3,7321000,Oui,Non,Non,3,0,0,Oui,568,3690000,12,0.5,0
MAD-00872,26,Homme,Marié(e),3,Alimentation,8.8,4622000,Oui,Oui,Oui,1,1,52,Oui,640,3385000,9,0.73,1
MAD-00873,45,Femme,Divorcé(e),2,Cosmétiques,9.6,3076000,Non,Oui,Oui,0,0,0,Non,513,1863000,6,0.61,1
MAD-00874,38,Femme,Marié(e),4,Alimentation,1.9,4497000,Oui,Oui,Non,2,0,0,Oui,616,1876000,6,0.42,0
MAD-00875,18,Femme,Marié(e),2,Vêtements,14.9,3485000,Non,Oui,Oui,2,0,0,Oui,544,548000,6,0.16,0
MAD-00876,18,Femme,Marié(e),3,Alimentation,0.2,3038000,Oui,Oui,Non,0,1,47,Oui,616,1053000,6,0.35,0
MAD-00877,37,Femme,Marié(e),10,Chaussures,1.8,6088000,Oui,Oui,Oui,0,0,0,Non,677,3765000,6,0.62,0
MAD-00878,35,Femme,Marié(e),6,Tissus_Pagnes,1.6,1853000,Non,Non,Oui,2,0,0,Oui,717,1124000,12,0.61,0
MAD-00879,36,Femme,Célibataire,1,Chaussures,1.0,3026000,Non,Non,Oui,4,0,0,Oui,607,3369000,18,1.11,0
MAD-00880,37,Homme,Marié(e),1,Alimentation,0.3,5700000,Non,Oui,Non,2,0,0,Oui,333,2201000,6,0.39,0
MAD-00881,40,Femme,Marié(e),5,Tissus_Pagnes,9.3,3785000,Non,Oui,Non,1,0,0,Non,561,447000,6,0.12,0
MAD-00882,48,Femme,Divorcé(e),0,Divers,6.9,2622000,Oui,Oui,Non,2,0,0,Oui,760,3931000,18,1.5,0
MAD-00883,25,Homme,Marié(e),9,Alimentation,3.5,1262000,Oui,Oui,Oui,2,0,0,Non,590,905000,9,0.72,0
MAD-00884,25,Femme,Veuf(ve),0,Vêtements,5.2,1005000,Non,Oui,Non,0,1,73,Non,317,300000,12,0.3,1
MAD-00885,25,Homme,Marié(e),3,Alimentation,3.5,9371000,Oui,Oui,Non,3,0,0,Oui,660,4228000,18,0.45,0
MAD-00886,41,Homme,Célibataire,2,Alimentation,8.6,3763000,Oui,Oui,Non,3,0,0,Non,667,1539000,12,0.41,0
MAD-00887,51,Femme,Marié(e),3,Tissus_Pagnes,1.0,2175000,Non,Oui,Non,2,0,0,Non,534,2011000,12,0.92,0
MAD-00888,33,Homme,Divorcé(e),5,Alimentation,0.2,3591000,Oui,Oui,Non,0,0,0,Oui,597,852000,6,0.24,0
MAD-00889,18,Femme,Marié(e),2,Tissus_Pagnes,14.6,2194000,Oui,Non,Non,0,0,0,Non,543,3600000,24,1.64,0
MAD-00890,19,Homme,Divorcé(e),3,Quincaillerie,3.3,2564000,Non,Oui,Oui,3,1,72,Oui,539,1655000,12,0.65,1
MAD-00891,28,Homme,Marié(e),3,Alimentation,18.2,2309000,Oui,Oui,Non,3,0,0,Oui,625,416000,3,0.18,0
MAD-00892,31,Homme,Célibataire,5,Alimentation,26.1,2143000,Non,Oui,Oui,3,0,0,Oui,495,1364000,9,0.64,0
MAD-00893,33,Femme,Marié(e),7,Électronique_Téléphonie,17.8,1463000,Oui,Non,Non,2,0,0,Non,619,300000,3,0.21,0
MAD-00894,38,Femme,Marié(e),4,Tissus_Pagnes,5.7,1399000,Oui,Oui,Oui,4,1,55,Non,471,729000,9,0.52,0
MAD-00895,34,Homme,Marié(e),4,Quincaillerie,0.5,5202000,Non,Oui,Oui,3,0,0,Oui,731,1038000,3,0.2,0
MAD-00896,49,Homme,Marié(e),3,Vêtements,30.4,2631000,Oui,Oui,Oui,0,0,0,Non,700,2013000,12,0.77,0
MAD-00897,30,Femme,Marié(e),4,Cosmétiques,5.0,4120000,Non,Oui,Non,2,0,0,Non,588,1969000,9,0.48,0
MAD-00898,28,Femme,Célibataire,0,Quincaillerie,2.2,5072000,Oui,Non,Oui,2,1,18,Non,600,2171000,9,0.43,0
MAD-00899,43,Femme,Marié(e),3,Alimentation,7.6,3213000,Oui,Oui,Non,2,1,45,Oui,643,4062000,12,1.26,1
MAD-00900,21,Homme,Marié(e),1,Électronique_Téléphonie,2.2,2576000,Oui,Oui,Non,0,0,0,Oui,604,731000,6,0.28,0
MAD-00901,42,Homme,Marié(e),4,Cosmétiques,1.8,3236000,Oui,Oui,Oui,1,1,15,Oui,665,1796000,6,0.56,0
MAD-00902,39,Femme,Marié(e),1,Électronique_Téléphonie,8.9,2619000,Oui,Oui,Non,0,1,87,Oui,622,971000,9,0.37,0
MAD-00903,36,Femme,Marié(e),1,Alimentation,1.1,5768000,Non,Oui,Non,2,0,0,Oui,555,4080000,9,0.71,0
MAD-00904,55,Femme,Célibataire,2,Tissus_Pagnes,6.4,8495000,Oui,Oui,Non,1,0,0,Oui,768,20985000,24,2.47,0
MAD-00905,31,Femme,Marié(e),2,Alimentation,4.9,6713000,Oui,Oui,Oui,4,0,0,Oui,741,2010000,6,0.3,0
MAD-00906,60,Femme,Divorcé(e),3,Divers,6.2,1092000,Oui,Non,Non,3,0,0,Non,642,409000,9,0.37,0
MAD-00907,35,Femme,Marié(e),3,Alimentation,7.5,2551000,Oui,Oui,Oui,3,1,38,Oui,523,2914000,24,1.14,1
MAD-00908,23,Femme,Marié(e),4,Alimentation,1.7,3016000,Oui,Oui,Non,0,0,0,Oui,641,2094000,12,0.69,0
MAD-00909,38,Femme,Divorcé(e),3,Quincaillerie,10.7,4137000,Non,Non,Non,2,0,0,Non,577,1648000,6,0.4,0
MAD-00910,26,Femme,Marié(e),5,Vêtements,9.3,1423000,Non,Oui,Oui,1,0,0,Oui,528,734000,9,0.52,0
MAD-00911,29,Femme,Marié(e),4,Cosmétiques,1.7,1185000,Non,Oui,Oui,2,0,0,Non,647,1020000,18,0.86,0
MAD-00912,42,Homme,Veuf(ve),5,Vêtements,16.4,6561000,Oui,Oui,Non,0,0,0,Non,527,6330000,9,0.96,1
MAD-00913,44,Femme,Veuf(ve),4,Cosmétiques,15.7,2646000,Oui,Oui,Oui,1,0,0,Oui,589,847000,6,0.32,0
MAD-00914,31,Homme,Célibataire,0,Alimentation,23.9,2022000,Non,Non,Oui,2,0,0,Oui,570,779000,9,0.39,0
MAD-00915,48,Femme,Marié(e),3,Tissus_Pagnes,4.7,1753000,Oui,Oui,Oui,1,1,14,Oui,476,832000,6,0.47,0
MAD-00916,50,Femme,Célibataire,3,Tissus_Pagnes,0.2,3673000,Non,Non,Non,3,0,0,Oui,659,2628000,9,0.72,0
MAD-00917,53,Femme,Veuf(ve),2,Vêtements,9.5,2167000,Non,Oui,Oui,0,0,0,Non,579,4870000,24,2.25,1
MAD-00918,43,Femme,Veuf(ve),1,Vêtements,10.5,3693000,Oui,Oui,Non,1,1,23,Oui,702,9442000,24,2.56,0
MAD-00919,52,Femme,Marié(e),6,Alimentation,1.6,1775000,Non,Oui,Non,1,0,0,Oui,577,1427000,12,0.8,0
MAD-00920,18,Femme,Marié(e),2,Chaussures,3.3,1232000,Oui,Oui,Non,1,0,0,Oui,583,1134000,18,0.92,0
MAD-00921,34,Homme,Marié(e),2,Alimentation,0.7,6496000,Oui,Oui,Non,1,0,0,Oui,538,1260000,18,0.19,0
MAD-00922,28,Femme,Marié(e),4,Vêtements,2.6,3760000,Oui,Non,Non,0,1,4,Oui,617,3148000,24,0.84,0
MAD-00923,39,Femme,Célibataire,5,Vêtements,7.9,2699000,Oui,Oui,Oui,0,0,0,Oui,624,3087000,18,1.14,0
MAD-00924,31,Femme,Marié(e),5,Tissus_Pagnes,10.2,2527000,Oui,Non,Oui,0,0,0,Oui,686,1310000,18,0.52,0
MAD-00925,36,Femme,Marié(e),2,Chaussures,1.6,6669000,Non,Oui,Oui,2,0,0,Non,606,748000,6,0.11,0
MAD-00926,58,Homme,Marié(e),4,Tissus_Pagnes,13.4,4497000,Non,Oui,Oui,2,1,81,Non,666,1618000,6,0.36,0
MAD-00927,36,Homme,Marié(e),4,Électronique_Téléphonie,4.4,5690000,Oui,Oui,Oui,1,1,62,Non,568,1327000,3,0.23,0
MAD-00928,42,Femme,Marié(e),4,Cosmétiques,10.3,2455000,Oui,Oui,Non,4,0,0,Oui,531,1537000,12,0.63,0
MAD-00929,35,Femme,Marié(e),1,Électronique_Téléphonie,2.6,3120000,Non,Oui,Oui,4,0,0,Oui,503,6047000,24,1.94,1
MAD-00930,38,Femme,Marié(e),3,Chaussures,0.7,3711000,Oui,Oui,Oui,0,0,0,Non,668,6568000,24,1.77,0
MAD-00931,38,Femme,Veuf(ve),2,Alimentation,9.4,2468000,Non,Oui,Non,0,0,0,Non,508,3868000,18,1.57,0
MAD-00932,42,Homme,Marié(e),6,Divers,1.2,2843000,Oui,Oui,Oui,0,0,0,Non,673,5766000,18,2.03,0
MAD-00933,50,Homme,Marié(e),2,Électronique_Téléphonie,4.0,2266000,Non,Oui,Non,1,1,8,Oui,668,2522000,9,1.11,1
MAD-00934,56,Femme,Marié(e),4,Cosmétiques,0.1,3687000,Oui,Oui,Oui,1,0,0,Oui,702,2543000,9,0.69,1
MAD-00935,41,Femme,Marié(e),2,Alimentation,1.5,1475000,Oui,Oui,Non,1,1,25,Oui,504,829000,12,0.56,0
MAD-00936,44,Femme,Marié(e),4,Alimentation,10.3,4360000,Non,Oui,Oui,2,0,0,Non,682,783000,3,0.18,0
MAD-00937,25,Femme,Marié(e),4,Cosmétiques,2.7,3590000,Oui,Oui,Oui,3,1,68,Non,547,4207000,12,1.17,1
MAD-00938,37,Femme,Marié(e),4,Vêtements,9.7,2936000,Oui,Non,Non,1,0,0,Non,565,1268000,12,0.43,0
MAD-00939,48,Femme,Marié(e),5,Cosmétiques,9.7,4079000,Oui,Oui,Non,1,0,0,Non,605,2313000,6,0.57,0
MAD-00940,47,Homme,Célibataire,1,Vêtements,9.8,2714000,Non,Oui,Oui,2,1,55,Non,559,1761000,12,0.65,1
MAD-00941,40,Femme,Marié(e),1,Tissus_Pagnes,7.3,2265000,Oui,Oui,Oui,3,0,0,Oui,559,1305000,9,0.58,0
MAD-00942,47,Femme,Marié(e),4,Alimentation,1.2,4025000,Oui,Oui,Non,1,1,32,Non,599,1842000,12,0.46,1
MAD-00943,43,Femme,Célibataire,4,Alimentation,4.6,4223000,Oui,Oui,Oui,2,1,49,Non,676,1919000,18,0.45,1
MAD-00944,51,Femme,Marié(e),3,Alimentation,7.3,2457000,Oui,Oui,Non,3,1,24,Non,670,757000,6,0.31,0
MAD-00945,41,Homme,Marié(e),4,Électronique_Téléphonie,12.8,2519000,Non,Oui,Non,2,1,65,Non,509,4122000,18,1.64,1
MAD-00946,34,Femme,Marié(e),4,Tissus_Pagnes,9.0,2945000,Oui,Oui,Non,0,0,0,Oui,641,721000,6,0.24,0
MAD-00947,41,Homme,Marié(e),4,Quincaillerie,9.7,2474000,Oui,Oui,Non,3,0,0,Non,571,1464000,6,0.59,0
MAD-00948,18,Homme,Marié(e),4,Chaussures,8.3,7093000,Oui,Oui,Oui,0,0,0,Non,574,2810000,9,0.4,0
MAD-00949,42,Femme,Veuf(ve),3,Chaussures,1.4,3562000,Oui,Oui,Non,2,0,0,Non,481,2028000,18,0.57,0
MAD-00950,18,Femme,Veuf(ve),4,Tissus_Pagnes,2.6,3060000,Non,Non,Non,2,0,0,Non,622,3562000,18,1.16,0
MAD-00951,19,Homme,Veuf(ve),4,Électronique_Téléphonie,3.8,1885000,Oui,Non,Non,3,0,0,Non,681,426000,3,0.23,0
MAD-00952,42,Femme,Marié(e),3,Quincaillerie,4.2,4567000,Non,Oui,Non,0,0,0,Oui,593,3455000,12,0.76,0
MAD-00953,43,Femme,Marié(e),2,Chaussures,3.9,2230000,Oui,Oui,Non,2,0,0,Non,541,2493000,18,1.12,1
MAD-00954,25,Homme,Marié(e),5,Alimentation,1.5,2111000,Non,Oui,Oui,1,0,0,Non,605,4986000,24,2.36,0
MAD-00955,30,Homme,Marié(e),0,Cosmétiques,11.1,4857000,Oui,Non,Non,2,1,44,Non,674,1769000,6,0.36,0
MAD-00956,53,Femme,Marié(e),2,Alimentation,2.4,3732000,Oui,Oui,Non,2,1,53,Oui,621,1043000,6,0.28,0
MAD-00957,32,Femme,Marié(e),4,Alimentation,1.8,800000,Oui,Oui,Oui,1,0,0,Non,617,300000,9,0.38,0
MAD-00958,62,Femme,Marié(e),1,Chaussures,2.0,2772000,Oui,Oui,Non,0,0,0,Non,804,4499000,18,1.62,0
MAD-00959,37,Homme,Marié(e),6,Électronique_Téléphonie,7.1,3382000,Non,Oui,Non,2,1,53,Oui,763,968000,6,0.29,0
MAD-00960,42,Femme,Marié(e),2,Alimentation,6.3,2643000,Non,Oui,Non,1,0,0,Non,556,1192000,9,0.45,0
MAD-00961,55,Femme,Célibataire,4,Alimentation,3.3,3330000,Oui,Oui,Non,1,0,0,Non,597,6764000,24,2.03,0
MAD-00962,39,Homme,Marié(e),2,Quincaillerie,8.2,1339000,Oui,Non,Oui,2,1,30,Non,637,1322000,9,0.99,0
MAD-00963,26,Homme,Divorcé(e),5,Alimentation,3.1,716000,Non,Oui,Non,1,0,0,Oui,517,555000,12,0.78,0
MAD-00964,36,Homme,Marié(e),1,Alimentation,13.4,2132000,Oui,Non,Oui,2,0,0,Oui,696,2810000,24,1.32,0
MAD-00965,37,Femme,Marié(e),1,Chaussures,20.7,4076000,Oui,Oui,Non,2,0,0,Non,629,1423000,6,0.35,0
MAD-00966,22,Femme,Marié(e),5,Électronique_Téléphonie,2.1,565000,Non,Oui,Non,0,0,0,Non,633,300000,6,0.53,0
MAD-00967,35,Homme,Marié(e),2,Tissus_Pagnes,7.0,2070000,Oui,Oui,Non,1,0,0,Oui,568,614000,6,0.3,0
MAD-00968,29,Homme,Marié(e),3,Tissus_Pagnes,12.9,1414000,Oui,Oui,Oui,0,0,0,Non,549,841000,12,0.59,0
MAD-00969,48,Femme,Marié(e),3,Vêtements,3.9,2705000,Oui,Oui,Non,0,1,22,Oui,408,1316000,6,0.49,0
MAD-00970,38,Femme,Célibataire,1,Vêtements,9.2,8959000,Oui,Oui,Non,2,1,4,Oui,747,3017000,6,0.34,0
MAD-00971,34,Femme,Marié(e),2,Chaussures,2.6,2703000,Non,Oui,Oui,1,0,0,Non,684,1497000,6,0.55,0
MAD-00972,36,Femme,Marié(e),5,Électronique_Téléphonie,4.2,2914000,Non,Oui,Oui,0,0,0,Oui,660,1454000,9,0.5,0
MAD-00973,40,Femme,Veuf(ve),3,Vêtements,0.7,4714000,Non,Non,Oui,3,0,0,Oui,631,4171000,18,0.88,1
MAD-00974,44,Femme,Marié(e),2,Vêtements,1.3,3032000,Oui,Oui,Non,1,0,0,Non,412,2464000,9,0.81,0
MAD-00975,27,Femme,Célibataire,5,Vêtements,4.9,2775000,Non,Oui,Non,2,0,0,Oui,532,1960000,12,0.71,0
MAD-00976,26,Homme,Marié(e),2,Alimentation,0.5,4939000,Non,Oui,Non,0,0,0,Oui,576,6540000,24,1.32,1
MAD-00977,50,Femme,Marié(e),6,Vêtements,1.8,3888000,Non,Oui,Non,2,0,0,Oui,502,2761000,12,0.71,1
MAD-00978,33,Femme,Marié(e),6,Alimentation,3.6,3575000,Non,Non,Non,0,0,0,Non,447,4075000,12,1.14,1
MAD-00979,22,Femme,Marié(e),4,Électronique_Téléphonie,10.6,3059000,Non,Oui,Non,1,0,0,Non,512,606000,3,0.2,0
MAD-00980,42,Femme,Célibataire,4,Vêtements,0.4,2457000,Non,Non,Oui,1,0,0,Oui,604,1981000,9,0.81,0
MAD-00981,43,Femme,Marié(e),1,Chaussures,0.1,4902000,Non,Non,Oui,0,1,62,Oui,511,1543000,6,0.31,1
MAD-00982,21,Femme,Marié(e),6,Tissus_Pagnes,16.6,2956000,Non,Oui,Oui,1,0,0,Oui,681,2276000,9,0.77,0
MAD-00983,40,Femme,Marié(e),2,Électronique_Téléphonie,5.8,5996000,Oui,Oui,Non,1,1,2,Non,802,9249000,24,1.54,0
MAD-00984,46,Femme,Divorcé(e),0,Divers,3.5,1768000,Non,Oui,Non,1,0,0,Non,661,853000,6,0.48,0
MAD-00985,42,Homme,Célibataire,7,Vêtements,3.5,6613000,Non,Oui,Non,1,0,0,Oui,584,3273000,6,0.49,0
MAD-00986,44,Femme,Veuf(ve),3,Alimentation,2.4,3907000,Oui,Oui,Non,1,1,12,Non,764,2447000,18,0.63,0
MAD-00987,22,Homme,Célibataire,1,Chaussures,1.2,1772000,Oui,Oui,Non,2,0,0,Non,477,2557000,24,1.44,0
MAD-00988,41,Homme,Célibataire,2,Alimentation,10.1,4216000,Oui,Oui,Non,0,0,0,Oui,432,4162000,12,0.99,1
MAD-00989,34,Homme,Marié(e),3,Vêtements,16.1,2551000,Non,Oui,Non,0,1,29,Oui,476,660000,3,0.26,0
MAD-00990,32,Femme,Divorcé(e),2,Alimentation,5.7,3184000,Oui,Oui,Oui,0,0,0,Non,693,2570000,9,0.81,0
MAD-00991,47,Femme,Marié(e),9,Quincaillerie,14.4,2695000,Oui,Oui,Oui,1,1,23,Non,600,1478000,9,0.55,0
MAD-00992,54,Femme,Marié(e),3,Alimentation,3.9,2866000,Oui,Oui,Non,2,0,0,Oui,518,3330000,12,1.16,0
MAD-00993,57,Homme,Célibataire,3,Tissus_Pagnes,0.6,4982000,Oui,Oui,Non,0,1,25,Oui,517,2505000,12,0.5,0
MAD-00994,52,Femme,Marié(e),3,Tissus_Pagnes,11.1,4267000,Non,Non,Non,0,0,0,Non,488,1610000,18,0.38,0
MAD-00995,36,Homme,Marié(e),2,Cosmétiques,0.6,1611000,Oui,Oui,Oui,0,0,0,Non,508,497000,6,0.31,1
MAD-00996,41,Femme,Marié(e),5,Vêtements,7.1,1857000,Oui,Oui,Non,1,1,49,Oui,686,3932000,24,2.12,1
MAD-00997,46,Homme,Marié(e),2,Électronique_Téléphonie,5.0,3583000,Oui,Oui,Oui,0,0,0,Oui,607,670000,6,0.19,0
MAD-00998,39,Femme,Divorcé(e),4,Chaussures,1.9,3629000,Non,Oui,Oui,0,0,0,Oui,759,300000,3,0.08,0
MAD-00999,39,Femme,Marié(e),3,Tissus_Pagnes,3.6,2149000,Non,Oui,Non,1,1,60,Non,429,593000,18,0.28,0
MAD-01000,47,Femme,Divorcé(e),0,Vêtements,24.3,7826000,Oui,Oui,Non,2,1,72,Non,556,5405000,9,0.69,0
MAD-01001,37,Femme,Marié(e),0,Électronique_Téléphonie,6.2,4813000,Oui,Non,Oui,1,0,0,Oui,640,959000,9,0.2,0
MAD-01002,29,Femme,Célibataire,4,Chaussures,11.8,2451000,Non,Oui,Oui,1,0,0,Non,679,1060000,6,0.43,0
MAD-01003,33,Femme,Marié(e),4,Vêtements,1.5,2033000,Non,Oui,Non,1,1,62,Oui,529,306000,3,0.15,0
MAD-01004,44,Femme,Veuf(ve),6,Vêtements,7.7,2841000,Non,Oui,Oui,0,0,0,Non,688,666000,6,0.23,0
MAD-01005,38,Femme,Marié(e),2,Alimentation,4.9,2611000,Oui,Oui,Oui,4,0,0,Oui,669,1045000,12,0.4,0
MAD-01006,41,Femme,Marié(e),3,Alimentation,0.9,5930000,Non,Oui,Non,2,0,0,Oui,501,2259000,6,0.38,0
MAD-01007,45,Homme,Marié(e),6,Alimentation,3.0,5173000,Non,Oui,Non,1,0,0,Oui,665,4901000,24,0.95,0
MAD-01008,33,Femme,Marié(e),3,Alimentation,18.8,3580000,Oui,Oui,Oui,0,1,76,Oui,496,2501000,12,0.7,1
MAD-01009,46,Femme,Marié(e),2,Alimentation,4.6,4433000,Non,Oui,Non,1,0,0,Non,530,5455000,18,1.23,0
MAD-01010,42,Femme,Célibataire,1,Électronique_Téléphonie,9.8,4945000,Non,Non,Non,0,1,64,Oui,566,6556000,18,1.33,0
MAD-01011,24,Femme,Veuf(ve),0,Électronique_Téléphonie,1.4,3096000,Non,Non,Oui,2,0,0,Oui,682,3035000,12,0.98,0
MAD-01012,53,Femme,Célibataire,4,Électronique_Téléphonie,10.0,3991000,Non,Oui,Oui,0,0,0,Non,556,2243000,9,0.56,0
MAD-01013,32,Femme,Marié(e),7,Cosmétiques,5.4,4263000,Oui,Oui,Oui,3,0,0,Oui,588,2462000,18,0.58,0
MAD-01014,19,Homme,Marié(e),3,Cosmétiques,12.7,4249000,Oui,Oui,Oui,1,1,65,Oui,397,2676000,9,0.63,1
MAD-01015,26,Femme,Divorcé(e),4,Alimentation,2.5,2002000,Oui,Non,Non,3,0,0,Oui,457,449000,3,0.22,0
MAD-01016,26,Homme,Divorcé(e),4,Chaussures,3.9,2155000,Oui,Non,Non,2,0,0,Non,598,1043000,9,0.48,0
MAD-01017,38,Femme,Marié(e),7,Vêtements,11.8,2878000,Oui,Oui,Non,3,0,0,Non,691,442000,3,0.15,0
MAD-01018,34,Femme,Veuf(ve),2,Tissus_Pagnes,7.3,2224000,Oui,Oui,Oui,2,0,0,Non,568,3208000,12,1.44,0
MAD-01019,34,Femme,Marié(e),3,Divers,3.1,1409000,Non,Oui,Non,1,0,0,Non,728,879000,24,0.62,0
MAD-01020,44,Femme,Divorcé(e),2,Électronique_Téléphonie,0.8,4314000,Oui,Oui,Non,1,0,0,Oui,601,3659000,12,0.85,1
MAD-01021,41,Femme,Veuf(ve),4,Vêtements,0.8,3603000,Non,Oui,Non,1,0,0,Oui,581,1826000,6,0.51,0
MAD-01022,41,Femme,Célibataire,2,Chaussures,25.4,2178000,Oui,Oui,Non,3,0,0,Non,593,325000,3,0.15,0
MAD-01023,42,Homme,Marié(e),5,Alimentation,3.8,2705000,Oui,Oui,Non,1,0,0,Oui,708,878000,6,0.32,0
MAD-01024,44,Femme,Célibataire,1,Alimentation,3.6,2781000,Oui,Oui,Non,1,0,0,Non,533,403000,3,0.14,0
MAD-01025,18,Femme,Marié(e),4,Alimentation,4.4,3401000,Oui,Oui,Non,4,1,3,Oui,603,1786000,9,0.53,0
MAD-01026,33,Femme,Célibataire,1,Alimentation,29.3,2510000,Oui,Oui,Non,1,1,11,Oui,554,2434000,12,0.97,0
MAD-01027,18,Femme,Marié(e),3,Chaussures,2.1,1468000,Oui,Non,Non,0,0,0,Non,569,940000,12,0.64,1
MAD-01028,38,Femme,Célibataire,2,Vêtements,5.0,4087000,Non,Oui,Oui,4,0,0,Oui,603,6675000,12,1.63,0
MAD-01029,37,Femme,Divorcé(e),5,Alimentation,1.2,1308000,Oui,Oui,Oui,0,0,0,Non,609,553000,9,0.42,0
MAD-01030,49,Homme,Marié(e),2,Divers,1.9,2660000,Oui,Non,Oui,1,0,0,Non,714,1481000,6,0.56,0
MAD-01031,51,Femme,Marié(e),4,Tissus_Pagnes,0.3,2481000,Oui,Oui,Non,3,0,0,Non,619,2142000,12,0.86,0
MAD-01032,40,Femme,Célibataire,1,Vêtements,1.9,2821000,Oui,Oui,Oui,5,0,0,Non,669,1550000,9,0.55,0
MAD-01033,32,Homme,Marié(e),2,Tissus_Pagnes,4.1,3522000,Oui,Oui,Oui,2,0,0,Oui,635,2010000,6,0.57,0
MAD-01034,43,Homme,Marié(e),3,Tissus_Pagnes,1.7,7177000,Oui,Oui,Non,1,0,0,Oui,746,1579000,12,0.22,0
MAD-01035,32,Femme,Marié(e),2,Tissus_Pagnes,5.8,1401000,Non,Non,Oui,0,0,0,Non,572,580000,6,0.41,0
MAD-01036,37,Femme,Marié(e),2,Cosmétiques,0.0,4790000,Non,Oui,Non,0,0,0,Oui,573,1162000,6,0.24,0
MAD-01037,48,Homme,Célibataire,4,Quincaillerie,2.6,821000,Non,Oui,Oui,4,0,0,Oui,667,350000,9,0.43,0
MAD-01038,31,Homme,Célibataire,3,Vêtements,0.9,6393000,Non,Oui,Non,2,0,0,Oui,571,1774000,6,0.28,0
MAD-01039,46,Femme,Marié(e),1,Tissus_Pagnes,1.8,1016000,Oui,Non,Oui,2,0,0,Non,664,417000,12,0.41,0
MAD-01040,45,Homme,Marié(e),3,Alimentation,0.0,11297000,Oui,Non,Non,1,1,55,Non,747,577000,3,0.05,0
MAD-01041,27,Femme,Marié(e),3,Électronique_Téléphonie,2.8,2471000,Oui,Oui,Non,2,0,0,Oui,531,3027000,18,1.23,1
MAD-01042,48,Homme,Marié(e),5,Vêtements,7.4,6237000,Non,Oui,Oui,2,0,0,Oui,737,3182000,9,0.51,0
MAD-01043,45,Femme,Célibataire,3,Vêtements,2.9,5457000,Oui,Oui,Oui,3,1,4,Oui,569,832000,3,0.15,0
MAD-01044,39,Femme,Marié(e),5,Divers,0.9,2354000,Oui,Oui,Non,0,0,0,Oui,740,546000,3,0.23,0
MAD-01045,29,Femme,Marié(e),4,Cosmétiques,9.1,2700000,Non,Oui,Non,1,0,0,Oui,661,4512000,24,1.67,0
MAD-01046,28,Femme,Veuf(ve),2,Alimentation,6.3,2055000,Oui,Oui,Oui,0,0,0,Non,674,955000,9,0.46,0
MAD-01047,32,Femme,Marié(e),3,Vêtements,7.1,4774000,Oui,Oui,Non,3,0,0,Non,606,7711000,12,1.62,1
MAD-01048,43,Femme,Célibataire,0,Vêtements,0.3,2352000,Non,Non,Oui,3,0,0,Non,577,3547000,18,1.51,0
MAD-01049,27,Femme,Marié(e),3,Divers,5.8,2059000,Oui,Oui,Non,1,0,0,Non,555,1476000,6,0.72,0
MAD-01050,42,Femme,Marié(e),1,Tissus_Pagnes,3.2,4071000,Oui,Oui,Non,0,1,28,Non,578,1757000,9,0.43,1
MAD-01051,24,Homme,Marié(e),2,Vêtements,7.0,2016000,Oui,Non,Non,1,0,0,Non,603,1562000,12,0.77,0
MAD-01052,35,Homme,Célibataire,3,Cosmétiques,16.8,2972000,Oui,Oui,Oui,3,0,0,Non,637,1465000,18,0.49,0
MAD-01053,39,Femme,Divorcé(e),0,Vêtements,6.8,3341000,Non,Oui,Oui,0,0,0,Non,473,1506000,9,0.45,0
MAD-01054,64,Femme,Marié(e),0,Alimentation,2.5,2152000,Non,Oui,Oui,0,1,77,Non,486,2259000,24,1.05,1
MAD-01055,22,Femme,Marié(e),2,Électronique_Téléphonie,0.7,2278000,Oui,Oui,Oui,0,0,0,Oui,733,3642000,12,1.6,0
MAD-01056,54,Homme,Marié(e),2,Alimentation,3.7,6992000,Oui,Oui,Non,1,0,0,Oui,704,5163000,18,0.74,0
MAD-01057,39,Femme,Célibataire,0,Quincaillerie,0.5,2659000,Oui,Oui,Non,1,0,0,Non,622,419000,3,0.16,0
MAD-01058,42,Femme,Célibataire,1,Électronique_Téléphonie,4.4,2559000,Oui,Oui,Oui,3,0,0,Non,850,506000,9,0.2,0
MAD-01059,39,Homme,Célibataire,1,Alimentation,1.3,2725000,Oui,Oui,Oui,1,0,0,Non,568,1172000,6,0.43,0
MAD-01060,42,Homme,Divorcé(e),7,Chaussures,1.2,3834000,Oui,Non,Non,1,1,63,Oui,517,2473000,18,0.65,1
MAD-01061,36,Femme,Marié(e),1,Chaussures,1.1,1708000,Non,Oui,Non,4,0,0,Non,469,833000,6,0.49,0
MAD-01062,53,Femme,Célibataire,2,Cosmétiques,10.1,4044000,Non,Oui,Non,2,0,0,Non,563,661000,12,0.16,1
MAD-01063,32,Femme,Célibataire,4,Cosmétiques,9.3,3684000,Non,Oui,Oui,0,1,59,Non,672,611000,3,0.17,0
MAD-01064,50,Homme,Marié(e),2,Alimentation,4.4,1238000,Non,Oui,Oui,0,1,3,Oui,562,300000,6,0.24,0
MAD-01065,30,Femme,Divorcé(e),3,Alimentation,4.6,8073000,Oui,Oui,Oui,0,0,0,Oui,482,2232000,6,0.28,0
MAD-01066,37,Femme,Marié(e),6,Chaussures,22.5,7281000,Non,Oui,Non,1,0,0,Oui,678,4469000,12,0.61,0
MAD-01067,26,Femme,Célibataire,3,Alimentation,11.5,2249000,Non,Oui,Non,1,1,19,Non,606,585000,6,0.26,0
MAD-01068,43,Femme,Célibataire,1,Vêtements,13.9,2012000,Oui,Oui,Oui,1,0,0,Oui,694,1660000,18,0.83,0
MAD-01069,53,Femme,Divorcé(e),2,Tissus_Pagnes,5.9,3530000,Oui,Oui,Oui,1,0,0,Non,593,3499000,12,0.99,0
MAD-01070,37,Femme,Marié(e),1,Alimentation,0.0,1350000,Oui,Non,Non,4,0,0,Oui,529,3651000,24,2.7,0
MAD-01071,35,Homme,Marié(e),5,Électronique_Téléphonie,8.2,6510000,Non,Oui,Oui,1,0,0,Non,583,5220000,12,0.8,0
MAD-01072,25,Homme,Divorcé(e),1,Électronique_Téléphonie,3.5,2391000,Non,Non,Non,0,0,0,Oui,649,1057000,12,0.44,0
MAD-01073,35,Femme,Célibataire,5,Électronique_Téléphonie,0.5,7232000,Non,Oui,Oui,0,1,1,Non,591,5201000,12,0.72,1
MAD-01074,20,Homme,Marié(e),4,Alimentation,3.2,1976000,Oui,Oui,Oui,1,0,0,Non,654,300000,3,0.15,0
MAD-01075,27,Femme,Célibataire,3,Tissus_Pagnes,9.7,3072000,Non,Oui,Oui,0,0,0,Non,551,2228000,9,0.73,0
MAD-01076,40,Femme,Marié(e),6,Électronique_Téléphonie,1.7,5989000,Oui,Non,Non,3,0,0,Non,658,7064000,18,1.18,1
MAD-01077,52,Femme,Célibataire,5,Vêtements,0.8,2500000,Oui,Oui,Oui,0,0,0,Oui,619,300000,3,0.12,0
MAD-01078,68,Homme,Divorcé(e),2,Chaussures,0.8,3459000,Oui,Non,Oui,1,0,0,Oui,556,890000,3,0.26,0
MAD-01079,31,Homme,Marié(e),1,Cosmétiques,0.3,5404000,Non,Oui,Non,1,1,22,Oui,579,5350000,12,0.99,1
MAD-01080,53,Homme,Marié(e),2,Vêtements,13.1,2572000,Non,Oui,Oui,0,0,0,Non,565,4431000,18,1.72,0
MAD-01081,40,Homme,Veuf(ve),10,Vêtements,8.6,1736000,Oui,Non,Oui,2,1,85,Non,548,473000,6,0.27,1
MAD-01082,36,Homme,Célibataire,7,Cosmétiques,17.5,1851000,Oui,Non,Oui,0,0,0,Oui,698,2194000,18,1.19,0
MAD-01083,42,Femme,Divorcé(e),3,Alimentation,9.0,4347000,Oui,Non,Non,0,0,0,Non,665,749000,6,0.17,0
MAD-01084,38,Homme,Marié(e),2,Électronique_Téléphonie,6.7,3864000,Oui,Oui,Oui,0,0,0,Oui,472,1984000,9,0.51,0
MAD-01085,39,Femme,Veuf(ve),1,Cosmétiques,3.0,5394000,Non,Non,Non,2,1,17,Oui,487,8836000,24,1.64,1
MAD-01086,33,Femme,Marié(e),4,Alimentation,2.7,2625000,Oui,Oui,Non,0,0,0,Oui,562,1002000,9,0.38,0
MAD-01087,22,Femme,Marié(e),1,Chaussures,4.7,1488000,Oui,Non,Non,3,0,0,Non,548,896000,9,0.6,0
MAD-01088,21,Femme,Marié(e),7,Tissus_Pagnes,8.0,1051000,Oui,Non,Oui,1,0,0,Oui,571,1577000,24,1.5,0
MAD-01089,45,Femme,Célibataire,1,Alimentation,1.4,14365000,Non,Oui,Non,2,0,0,Non,683,4058000,6,0.28,0
MAD-01090,34,Femme,Divorcé(e),5,Divers,6.1,4135000,Non,Oui,Non,0,0,0,Non,662,1157000,3,0.28,0
MAD-01091,31,Femme,Célibataire,1,Chaussures,2.4,3261000,Oui,Oui,Non,1,1,79,Non,463,4107000,24,1.26,1
MAD-01092,38,Femme,Célibataire,3,Cosmétiques,10.8,3772000,Oui,Non,Oui,1,0,0,Oui,673,2093000,9,0.55,0
MAD-01093,46,Homme,Marié(e),1,Électronique_Téléphonie,3.0,1436000,Non,Non,Non,1,0,0,Non,629,747000,24,0.52,0
MAD-01094,39,Femme,Marié(e),5,Tissus_Pagnes,3.3,2009000,Oui,Oui,Non,2,0,0,Non,617,2579000,18,1.28,0
MAD-01095,30,Femme,Marié(e),1,Tissus_Pagnes,6.8,7920000,Oui,Non,Non,0,0,0,Oui,723,3308000,9,0.42,0
MAD-01096,51,Femme,Marié(e),3,Alimentation,5.6,4417000,Oui,Oui,Oui,1,0,0,Oui,560,3270000,9,0.74,0
MAD-01097,55,Femme,Marié(e),4,Alimentation,6.1,2127000,Non,Non,Non,1,0,0,Oui,604,489000,9,0.23,0
MAD-01098,43,Femme,Divorcé(e),2,Tissus_Pagnes,0.7,1527000,Non,Oui,Non,0,0,0,Oui,505,633000,6,0.41,0
MAD-01099,48,Homme,Célibataire,2,Tissus_Pagnes,5.0,2377000,Oui,Oui,Non,1,0,0,Oui,529,300000,9,0.13,0
MAD-01100,51,Femme,Célibataire,4,Chaussures,0.5,2502000,Oui,Oui,Non,0,1,82,Non,374,3321000,18,1.33,1
MAD-01101,50,Homme,Marié(e),1,Tissus_Pagnes,1.6,9178000,Oui,Oui,Non,1,0,0,Oui,531,11887000,24,1.3,0
MAD-01102,44,Homme,Marié(e),2,Cosmétiques,2.1,2730000,Oui,Oui,Oui,3,1,6,Non,618,4476000,24,1.64,1
MAD-01103,44,Femme,Marié(e),3,Électronique_Téléphonie,1.9,1595000,Oui,Non,Oui,2,0,0,Oui,592,1659000,24,1.04,0
MAD-01104,43,Homme,Marié(e),4,Divers,0.4,2876000,Oui,Oui,Oui,1,0,0,Non,595,300000,3,0.1,0
MAD-01105,25,Femme,Marié(e),2,Vêtements,2.8,3505000,Oui,Oui,Non,1,0,0,Non,593,1497000,9,0.43,0
MAD-01106,45,Homme,Marié(e),3,Quincaillerie,3.6,1571000,Oui,Oui,Oui,2,0,0,Oui,779,595000,6,0.38,0
MAD-01107,23,Homme,Marié(e),4,Électronique_Téléphonie,10.8,4014000,Oui,Non,Non,0,0,0,Oui,517,3504000,12,0.87,1
MAD-01108,29,Homme,Célibataire,1,Alimentation,10.3,6060000,Oui,Oui,Non,1,0,0,Oui,508,9589000,24,1.58,0
MAD-01109,52,Femme,Marié(e),5,Vêtements,16.0,3672000,Non,Oui,Non,0,0,0,Oui,523,2308000,18,0.63,0
MAD-01110,47,Homme,Marié(e),3,Alimentation,16.3,2397000,Oui,Oui,Non,2,1,79,Non,495,4499000,18,1.88,1
MAD-01111,54,Homme,Marié(e),4,Cosmétiques,6.6,2409000,Non,Oui,Non,4,1,58,Non,559,963000,6,0.4,1
MAD-01112,35,Femme,Marié(e),3,Tissus_Pagnes,22.3,1857000,Non,Oui,Oui,2,0,0,Non,655,715000,9,0.39,0
MAD-01113,25,Homme,Marié(e),2,Tissus_Pagnes,2.1,2811000,Non,Oui,Non,0,1,22,Non,652,1163000,6,0.41,0
MAD-01114,35,Homme,Marié(e),1,Chaussures,2.3,3578000,Oui,Oui,Non,0,1,28,Oui,568,2085000,9,0.58,1
MAD-01115,39,Femme,Célibataire,3,Vêtements,0.9,1833000,Oui,Oui,Non,4,0,0,Oui,584,593000,6,0.32,0
MAD-01116,38,Homme,Marié(e),4,Vêtements,0.2,8602000,Non,Oui,Oui,2,0,0,Oui,747,7899000,18,0.92,1
MAD-01117,50,Femme,Divorcé(e),2,Électronique_Téléphonie,0.5,4588000,Oui,Oui,Oui,1,0,0,Non,369,3425000,9,0.75,0
MAD-01118,34,Femme,Marié(e),3,Divers,0.6,1121000,Oui,Oui,Non,0,1,3,Oui,621,1366000,12,1.22,0
MAD-01119,41,Femme,Marié(e),2,Chaussures,21.4,1758000,Oui,Oui,Non,0,1,42,Oui,595,300000,18,0.17,0
MAD-01120,27,Femme,Marié(e),5,Alimentation,4.4,1854000,Oui,Oui,Non,1,0,0,Non,788,991000,6,0.53,0
MAD-01121,42,Homme,Marié(e),1,Alimentation,1.7,7078000,Non,Oui,Non,0,0,0,Oui,450,4997000,12,0.71,0
MAD-01122,38,Femme,Marié(e),1,Alimentation,2.1,4891000,Oui,Oui,Non,3,0,0,Oui,582,5656000,18,1.16,0
MAD-01123,29,Femme,Divorcé(e),0,Tissus_Pagnes,1.1,7258000,Non,Oui,Non,4,0,0,Oui,477,16047000,24,2.21,1
MAD-01124,35,Femme,Marié(e),7,Vêtements,3.4,3077000,Non,Oui,Non,1,0,0,Oui,438,300000,6,0.1,1
MAD-01125,35,Femme,Célibataire,3,Quincaillerie,3.0,2726000,Oui,Oui,Non,1,0,0,Oui,601,2575000,12,0.94,0
MAD-01126,35,Homme,Marié(e),3,Cosmétiques,13.1,1882000,Oui,Oui,Oui,0,0,0,Oui,694,1531000,9,0.81,0
MAD-01127,57,Homme,Marié(e),6,Vêtements,22.6,4263000,Oui,Oui,Oui,1,0,0,Oui,728,1052000,6,0.25,0
MAD-01128,36,Femme,Marié(e),3,Vêtements,1.8,2709000,Non,Oui,Non,1,0,0,Non,552,382000,6,0.14,0
MAD-01129,35,Femme,Marié(e),0,Vêtements,8.9,2867000,Non,Oui,Oui,1,0,0,Oui,659,2563000,9,0.89,0
MAD-01130,18,Femme,Marié(e),2,Tissus_Pagnes,5.3,7361000,Non,Non,Non,3,1,60,Non,492,637000,6,0.09,0
MAD-01131,28,Femme,Veuf(ve),1,Chaussures,6.4,2951000,Non,Oui,Oui,2,0,0,Non,650,2436000,12,0.83,1
MAD-01132,35,Femme,Célibataire,6,Alimentation,3.2,6246000,Oui,Oui,Non,0,0,0,Non,723,3145000,6,0.5,0
MAD-01133,30,Femme,Veuf(ve),6,Électronique_Téléphonie,11.4,1577000,Non,Oui,Oui,2,0,0,Non,582,323000,3,0.2,0
MAD-01134,53,Femme,Marié(e),4,Alimentation,9.5,13259000,Non,Non,Non,0,1,37,Oui,641,11527000,12,0.87,1
MAD-01135,36,Femme,Célibataire,1,Vêtements,5.4,2571000,Non,Oui,Non,5,1,78,Oui,373,798000,6,0.31,0
MAD-01136,52,Femme,Célibataire,4,Divers,5.0,4514000,Oui,Oui,Oui,2,0,0,Oui,679,1893000,6,0.42,0
MAD-01137,38,Femme,Célibataire,3,Alimentation,0.8,4787000,Oui,Non,Non,2,0,0,Oui,713,1167000,6,0.24,0
MAD-01138,38,Homme,Veuf(ve),1,Alimentation,1.6,2298000,Oui,Oui,Non,2,1,87,Non,573,605000,6,0.26,1
MAD-01139,37,Homme,Célibataire,3,Cosmétiques,1.7,4692000,Oui,Oui,Non,1,0,0,Non,513,2501000,9,0.53,1
MAD-01140,38,Femme,Divorcé(e),3,Vêtements,0.3,4785000,Oui,Oui,Non,5,0,0,Oui,601,1709000,18,0.36,0
MAD-01141,56,Homme,Célibataire,2,Alimentation,2.8,2082000,Non,Oui,Non,1,1,87,Oui,496,1818000,12,0.87,1
MAD-01142,18,Homme,Marié(e),5,Alimentation,5.1,2164000,Non,Non,Non,2,0,0,Non,639,300000,3,0.14,1
MAD-01143,18,Femme,Célibataire,5,Alimentation,9.4,3315000,Oui,Oui,Non,1,1,53,Oui,550,1341000,6,0.4,1
MAD-01144,32,Femme,Marié(e),4,Tissus_Pagnes,0.1,2779000,Oui,Oui,Non,1,0,0,Oui,748,3489000,18,1.26,0
MAD-01145,38,Femme,Divorcé(e),2,Vêtements,4.4,6496000,Oui,Oui,Non,1,1,59,Non,414,1499000,6,0.23,0
MAD-01146,45,Homme,Divorcé(e),4,Chaussures,15.7,4824000,Non,Non,Oui,1,1,88,Non,446,796000,6,0.17,1
MAD-01147,43,Femme,Marié(e),0,Électronique_Téléphonie,2.2,2912000,Non,Oui,Non,1,0,0,Oui,448,420000,3,0.14,0
MAD-01148,33,Femme,Marié(e),3,Alimentation,0.6,4146000,Oui,Oui,Non,5,0,0,Oui,675,3698000,12,0.89,0
MAD-01149,49,Femme,Marié(e),1,Vêtements,8.7,1221000,Oui,Non,Non,1,0,0,Non,669,981000,12,0.8,0
MAD-01150,49,Femme,Marié(e),1,Alimentation,3.1,2202000,Oui,Oui,Oui,2,1,70,Oui,816,404000,6,0.18,0
MAD-01151,40,Homme,Marié(e),5,Vêtements,6.1,3648000,Oui,Non,Non,1,0,0,Non,712,667000,3,0.18,0
MAD-01152,48,Femme,Célibataire,1,Vêtements,2.2,5529000,Oui,Oui,Non,2,0,0,Non,649,4305000,12,0.78,0
MAD-01153,40,Homme,Célibataire,5,Électronique_Téléphonie,4.6,3439000,Oui,Oui,Oui,1,1,84,Non,516,658000,3,0.19,1
MAD-01154,31,Homme,Divorcé(e),5,Vêtements,17.6,7124000,Oui,Oui,Non,2,0,0,Non,591,2159000,9,0.3,0
MAD-01155,45,Homme,Marié(e),5,Tissus_Pagnes,2.4,4840000,Oui,Non,Non,1,0,0,Non,631,5421000,18,1.12,1
MAD-01156,39,Femme,Marié(e),3,Cosmétiques,8.2,2507000,Oui,Oui,Oui,2,0,0,Oui,644,1223000,6,0.49,0
MAD-01157,38,Homme,Marié(e),7,Électronique_Téléphonie,5.7,2910000,Non,Oui,Non,0,1,83,Oui,300,1253000,6,0.43,1
MAD-01158,54,Femme,Divorcé(e),3,Vêtements,9.9,4000000,Oui,Non,Oui,1,0,0,Non,637,3294000,12,0.82,0
MAD-01159,18,Femme,Marié(e),2,Alimentation,9.5,2596000,Oui,Oui,Non,1,1,78,Oui,512,3097000,12,1.19,1
MAD-01160,22,Homme,Marié(e),2,Divers,5.2,7023000,Non,Oui,Oui,2,0,0,Non,757,3952000,9,0.56,0
MAD-01161,24,Homme,Marié(e),4,Vêtements,15.7,2079000,Oui,Oui,Non,1,1,62,Oui,515,698000,9,0.34,0
MAD-01162,34,Femme,Divorcé(e),4,Cosmétiques,0.2,3526000,Non,Non,Oui,1,0,0,Oui,531,1186000,9,0.34,0
MAD-01163,35,Femme,Marié(e),3,Cosmétiques,0.5,4448000,Oui,Oui,Non,2,0,0,Oui,644,2511000,9,0.56,0
MAD-01164,21,Homme,Célibataire,1,Tissus_Pagnes,0.6,2508000,Non,Non,Non,2,1,67,Non,506,337000,6,0.13,1
MAD-01165,27,Homme,Célibataire,5,Vêtements,5.2,2355000,Oui,Oui,Oui,1,1,9,Oui,594,714000,6,0.3,0
MAD-01166,28,Femme,Célibataire,1,Alimentation,0.8,2861000,Oui,Non,Non,2,0,0,Oui,504,1201000,6,0.42,0
MAD-01167,65,Homme,Marié(e),4,Tissus_Pagnes,4.4,4755000,Oui,Oui,Non,1,0,0,Oui,605,3749000,9,0.79,0
MAD-01168,57,Femme,Marié(e),3,Tissus_Pagnes,5.5,2412000,Non,Oui,Non,3,0,0,Oui,547,300000,6,0.12,0
MAD-01169,33,Femme,Marié(e),1,Chaussures,5.0,1793000,Non,Oui,Non,1,0,0,Non,580,981000,9,0.55,0
MAD-01170,34,Femme,Marié(e),2,Chaussures,2.9,5657000,Non,Oui,Non,2,0,0,Non,665,3844000,12,0.68,0
MAD-01171,25,Homme,Célibataire,4,Quincaillerie,4.6,3822000,Oui,Oui,Non,3,1,51,Non,482,5437000,24,1.42,1
MAD-01172,18,Femme,Marié(e),1,Divers,6.8,5353000,Non,Oui,Non,1,0,0,Non,580,3974000,12,0.74,0
MAD-01173,36,Femme,Marié(e),1,Chaussures,12.0,4851000,Oui,Oui,Oui,3,0,0,Oui,668,3350000,12,0.69,0
MAD-01174,27,Femme,Marié(e),8,Alimentation,0.9,9837000,Oui,Oui,Oui,2,0,0,Non,595,2749000,3,0.28,0
MAD-01175,37,Homme,Célibataire,2,Vêtements,10.4,5774000,Oui,Oui,Oui,0,0,0,Non,850,6197000,12,1.07,0
MAD-01176,20,Femme,Marié(e),2,Cosmétiques,4.7,2127000,Oui,Oui,Oui,0,0,0,Non,642,2142000,9,1.01,1
MAD-01177,29,Femme,Célibataire,2,Cosmétiques,0.6,3849000,Non,Oui,Non,2,1,5,Oui,480,4023000,18,1.05,0
MAD-01178,39,Homme,Marié(e),3,Alimentation,3.2,2273000,Oui,Oui,Oui,4,0,0,Oui,544,2622000,24,1.15,1
MAD-01179,42,Femme,Veuf(ve),0,Cosmétiques,3.6,2412000,Oui,Oui,Non,2,0,0,Oui,535,494000,6,0.2,0
MAD-01180,42,Femme,Célibataire,4,Vêtements,4.3,1489000,Non,Oui,Oui,3,1,73,Oui,416,1621000,24,1.09,0
MAD-01181,23,Femme,Marié(e),2,Vêtements,4.5,2662000,Non,Non,Oui,1,0,0,Oui,648,2434000,12,0.91,0
MAD-01182,47,Homme,Marié(e),1,Électronique_Téléphonie,15.5,4457000,Oui,Non,Non,0,0,0,Non,520,4281000,12,0.96,0
MAD-01183,29,Femme,Marié(e),6,Tissus_Pagnes,4.1,2975000,Non,Oui,Oui,0,0,0,Oui,570,2014000,9,0.68,0
MAD-01184,44,Femme,Marié(e),2,Tissus_Pagnes,4.9,1763000,Oui,Oui,Non,1,0,0,Oui,722,441000,6,0.25,0
MAD-01185,37,Femme,Marié(e),5,Cosmétiques,0.9,1307000,Non,Oui,Non,3,0,0,Non,553,985000,18,0.75,0
MAD-01186,22,Homme,Divorcé(e),4,Cosmétiques,3.9,9567000,Oui,Oui,Non,0,0,0,Non,680,3078000,3,0.32,0
MAD-01187,34,Homme,Célibataire,5,Alimentation,12.0,3897000,Oui,Oui,Non,2,0,0,Oui,468,1316000,9,0.34,0
MAD-01188,42,Femme,Marié(e),0,Cosmétiques,4.7,2021000,Non,Non,Non,1,0,0,Oui,566,568000,3,0.28,0
MAD-01189,44,Femme,Célibataire,3,Vêtements,2.4,3885000,Oui,Non,Oui,1,0,0,Non,540,1596000,6,0.41,0
MAD-01190,36,Homme,Marié(e),3,Cosmétiques,1.1,9894000,Non,Oui,Non,1,0,0,Non,626,4751000,12,0.48,0
MAD-01191,54,Femme,Veuf(ve),4,Alimentation,2.1,4224000,Oui,Oui,Oui,1,0,0,Non,526,1456000,12,0.34,0
MAD-01192,49,Femme,Marié(e),5,Divers,2.2,705000,Oui,Oui,Oui,1,0,0,Oui,806,522000,18,0.74,1
MAD-01193,35,Femme,Célibataire,4,Chaussures,0.8,12745000,Non,Oui,Non,3,0,0,Non,452,10518000,12,0.83,1
MAD-01194,46,Femme,Célibataire,3,Vêtements,23.0,1760000,Oui,Oui,Non,1,0,0,Non,722,752000,12,0.43,0
MAD-01195,59,Femme,Marié(e),4,Vêtements,2.5,2716000,Non,Oui,Non,2,0,0,Oui,679,6335000,24,2.33,0
MAD-01196,59,Femme,Marié(e),1,Vêtements,1.4,1628000,Non,Oui,Non,0,1,46,Oui,558,779000,9,0.48,0
MAD-01197,24,Femme,Marié(e),5,Chaussures,2.4,2041000,Oui,Non,Non,1,0,0,Non,624,1858000,12,0.91,0
MAD-01198,27,Femme,Divorcé(e),2,Cosmétiques,1.2,3495000,Oui,Oui,Non,1,0,0,Non,786,4644000,18,1.33,0
MAD-01199,54,Homme,Marié(e),2,Chaussures,9.7,1238000,Oui,Oui,Oui,0,0,0,Oui,842,1469000,12,1.19,0
MAD-01200,26,Femme,Célibataire,3,Quincaillerie,2.9,2902000,Oui,Non,Oui,2,0,0,Non,601,1650000,12,0.57,1
MAD-01201,23,Femme,Célibataire,2,Tissus_Pagnes,0.0,5560000,Oui,Oui,Non,1,1,19,Non,605,3052000,9,0.55,0
MAD-01202,32,Homme,Divorcé(e),3,Cosmétiques,3.3,1959000,Oui,Oui,Non,2,1,10,Oui,555,411000,9,0.21,0
MAD-01203,42,Femme,Marié(e),3,Tissus_Pagnes,6.7,1578000,Non,Oui,Oui,3,1,74,Oui,383,1153000,12,0.73,1
MAD-01204,36,Homme,Marié(e),5,Cosmétiques,0.0,2740000,Oui,Oui,Oui,0,0,0,Oui,661,2855000,12,1.04,1
MAD-01205,30,Femme,Célibataire,3,Tissus_Pagnes,2.8,2540000,Non,Oui,Oui,3,0,0,Non,622,1459000,9,0.57,0
MAD-01206,30,Homme,Marié(e),4,Chaussures,6.4,2324000,Oui,Non,Non,0,0,0,Oui,475,1620000,6,0.7,0
MAD-01207,30,Femme,Divorcé(e),2,Alimentation,0.8,1563000,Oui,Oui,Oui,4,0,0,Non,661,669000,6,0.43,0
MAD-01208,28,Femme,Marié(e),4,Alimentation,1.7,3987000,Oui,Oui,Oui,2,0,0,Oui,645,1608000,9,0.4,0
MAD-01209,63,Femme,Marié(e),1,Vêtements,5.5,4269000,Oui,Oui,Oui,1,0,0,Non,565,1786000,6,0.42,0
MAD-01210,41,Femme,Divorcé(e),1,Quincaillerie,22.5,2321000,Oui,Oui,Oui,0,0,0,Non,560,454000,9,0.2,0
MAD-01211,47,Femme,Marié(e),5,Tissus_Pagnes,2.2,1842000,Oui,Non,Non,2,1,78,Non,541,300000,3,0.16,1
MAD-01212,32,Homme,Marié(e),2,Vêtements,13.5,3594000,Non,Oui,Non,3,1,4,Non,738,301000,3,0.08,0
MAD-01213,35,Homme,Marié(e),0,Vêtements,12.2,2106000,Non,Oui,Oui,2,0,0,Oui,635,2227000,18,1.06,0
MAD-01214,30,Femme,Marié(e),4,Tissus_Pagnes,3.4,3365000,Oui,Oui,Non,2,0,0,Oui,690,1721000,9,0.51,0
MAD-01215,18,Homme,Divorcé(e),2,Électronique_Téléphonie,3.4,6734000,Non,Oui,Non,2,1,55,Oui,442,7148000,12,1.06,1
MAD-01216,22,Homme,Marié(e),5,Divers,0.6,2880000,Non,Non,Non,1,0,0,Non,562,483000,3,0.17,0
MAD-01217,18,Homme,Marié(e),3,Électronique_Téléphonie,1.1,1550000,Oui,Oui,Oui,2,1,74,Oui,563,309000,6,0.2,0
MAD-01218,18,Homme,Marié(e),3,Électronique_Téléphonie,0.4,3682000,Non,Oui,Oui,3,0,0,Oui,477,1075000,3,0.29,1
MAD-01219,24,Femme,Veuf(ve),7,Alimentation,24.4,3415000,Oui,Oui,Non,0,1,52,Oui,560,300000,3,0.09,0
MAD-01220,52,Femme,Marié(e),5,Vêtements,8.1,2966000,Non,Oui,Non,0,0,0,Non,644,528000,3,0.18,0
MAD-01221,37,Femme,Veuf(ve),2,Cosmétiques,2.6,3920000,Oui,Oui,Oui,3,0,0,Oui,616,2250000,9,0.57,1
MAD-01222,52,Homme,Divorcé(e),4,Cosmétiques,2.6,4404000,Non,Oui,Non,2,1,67,Oui,528,767000,3,0.17,0
MAD-01223,42,Femme,Marié(e),3,Alimentation,6.3,3205000,Non,Oui,Oui,1,1,17,Non,579,2724000,12,0.85,0
MAD-01224,46,Femme,Divorcé(e),4,Chaussures,19.0,3431000,Non,Non,Oui,2,1,86,Oui,415,1887000,9,0.55,0
MAD-01225,28,Femme,Célibataire,7,Alimentation,5.0,9352000,Non,Oui,Oui,1,0,0,Non,493,3974000,6,0.42,1
MAD-01226,43,Homme,Marié(e),4,Vêtements,2.1,5788000,Oui,Oui,Non,1,0,0,Non,611,4509000,18,0.78,0
MAD-01227,46,Femme,Marié(e),4,Vêtements,7.4,4900000,Non,Oui,Oui,1,0,0,Non,717,964000,9,0.2,0
MAD-01228,31,Femme,Divorcé(e),7,Électronique_Téléphonie,2.3,3248000,Oui,Non,Oui,3,0,0,Oui,712,1114000,6,0.34,0
MAD-01229,44,Homme,Célibataire,0,Chaussures,18.5,2256000,Oui,Oui,Oui,2,0,0,Oui,588,663000,9,0.29,0
MAD-01230,44,Homme,Célibataire,4,Tissus_Pagnes,2.9,5586000,Oui,Oui,Oui,1,0,0,Non,587,2689000,12,0.48,0
MAD-01231,31,Femme,Veuf(ve),4,Électronique_Téléphonie,0.8,3226000,Non,Oui,Oui,4,1,77,Oui,444,2537000,9,0.79,0
MAD-01232,25,Homme,Marié(e),4,Électronique_Téléphonie,4.1,2276000,Non,Oui,Non,1,1,2,Non,557,5314000,24,2.33,0
MAD-01233,24,Homme,Divorcé(e),3,Vêtements,6.5,2783000,Oui,Oui,Non,1,0,0,Non,645,1451000,6,0.52,0
MAD-01234,38,Femme,Divorcé(e),4,Électronique_Téléphonie,4.2,1865000,Non,Oui,Non,1,0,0,Oui,695,1381000,9,0.74,0
MAD-01235,41,Homme,Marié(e),3,Alimentation,3.1,5384000,Non,Non,Non,2,0,0,Non,803,5798000,18,1.08,0
MAD-01236,29,Femme,Marié(e),5,Tissus_Pagnes,3.4,4409000,Oui,Oui,Non,1,0,0,Oui,545,4429000,12,1.0,1
MAD-01237,38,Femme,Marié(e),1,Alimentation,4.0,3389000,Oui,Non,Oui,2,0,0,Oui,678,5468000,24,1.61,0
MAD-01238,44,Femme,Divorcé(e),3,Tissus_Pagnes,7.6,3117000,Non,Oui,Oui,2,1,14,Oui,627,4003000,12,1.28,1
MAD-01239,44,Femme,Marié(e),1,Tissus_Pagnes,0.2,2040000,Non,Oui,Non,1,0,0,Non,570,650000,9,0.32,0
MAD-01240,55,Femme,Célibataire,2,Alimentation,7.7,1148000,Oui,Oui,Non,3,0,0,Non,527,1035000,12,0.9,1
MAD-01241,52,Femme,Marié(e),4,Tissus_Pagnes,1.1,1393000,Oui,Oui,Non,2,0,0,Oui,644,335000,9,0.24,0
MAD-01242,26,Femme,Marié(e),0,Cosmétiques,0.4,1978000,Oui,Non,Oui,1,0,0,Non,810,447000,3,0.23,0
MAD-01243,56,Femme,Célibataire,1,Cosmétiques,0.5,1825000,Oui,Oui,Oui,0,0,0,Oui,644,300000,9,0.16,0
MAD-01244,32,Femme,Marié(e),6,Alimentation,4.9,3615000,Oui,Non,Oui,1,0,0,Oui,549,607000,6,0.17,0
MAD-01245,49,Femme,Divorcé(e),5,Alimentation,15.1,5075000,Oui,Oui,Non,2,0,0,Non,605,1600000,12,0.32,0
MAD-01246,38,Homme,Marié(e),6,Vêtements,0.6,2774000,Oui,Oui,Non,0,0,0,Non,517,2152000,12,0.78,0
MAD-01247,33,Homme,Divorcé(e),1,Électronique_Téléphonie,5.4,6582000,Non,Oui,Oui,4,0,0,Non,601,10615000,24,1.61,0
MAD-01248,18,Femme,Marié(e),2,Électronique_Téléphonie,17.2,2439000,Oui,Oui,Oui,2,0,0,Non,681,875000,3,0.36,0
MAD-01249,36,Homme,Veuf(ve),4,Vêtements,10.4,3057000,Oui,Oui,Oui,1,1,70,Oui,452,1542000,9,0.5,1
MAD-01250,20,Femme,Célibataire,3,Chaussures,2.1,2939000,Oui,Non,Oui,2,1,62,Oui,300,1369000,6,0.47,0
MAD-01251,48,Homme,Marié(e),1,Cosmétiques,9.6,5681000,Non,Oui,Non,1,1,30,Oui,579,3188000,9,0.56,0
MAD-01252,54,Femme,Marié(e),3,Divers,1.4,3177000,Oui,Oui,Oui,3,1,6,Non,565,720000,3,0.23,0
MAD-01253,29,Homme,Marié(e),4,Alimentation,17.5,3708000,Oui,Oui,Non,1,1,65,Oui,454,2067000,9,0.56,0
MAD-01254,41,Homme,Célibataire,2,Tissus_Pagnes,0.1,1193000,Oui,Oui,Non,0,1,76,Oui,437,1229000,12,1.03,1
MAD-01255,30,Homme,Divorcé(e),1,Cosmétiques,4.0,1923000,Non,Non,Non,2,0,0,Non,636,369000,6,0.19,0
MAD-01256,31,Femme,Marié(e),2,Vêtements,1.4,5447000,Oui,Oui,Non,0,0,0,Oui,583,545000,12,0.1,0
MAD-01257,46,Femme,Marié(e),5,Alimentation,5.0,1095000,Oui,Oui,Non,0,1,64,Non,607,452000,6,0.41,1
MAD-01258,37,Femme,Célibataire,4,Alimentation,0.1,6194000,Non,Oui,Non,1,1,25,Non,648,491000,6,0.08,0
MAD-01259,57,Femme,Marié(e),3,Tissus_Pagnes,2.4,3965000,Non,Non,Oui,1,1,11,Oui,559,6504000,18,1.64,1
MAD-01260,32,Homme,Célibataire,4,Chaussures,7.2,2177000,Oui,Oui,Oui,1,0,0,Oui,573,300000,3,0.14,0
MAD-01261,48,Homme,Marié(e),3,Chaussures,0.4,1884000,Oui,Non,Oui,2,1,84,Non,505,366000,6,0.19,1
MAD-01262,39,Femme,Célibataire,2,Alimentation,31.7,9343000,Non,Oui,Non,1,0,0,Non,586,28219000,24,3.02,1
MAD-01263,46,Femme,Veuf(ve),0,Électronique_Téléphonie,4.7,6570000,Non,Non,Non,0,0,0,Oui,442,1141000,3,0.17,0
MAD-01264,33,Femme,Marié(e),5,Vêtements,0.4,2782000,Non,Non,Oui,1,0,0,Non,772,886000,6,0.32,0
MAD-01265,37,Femme,Marié(e),1,Divers,1.8,3239000,Non,Non,Non,3,0,0,Oui,664,2246000,9,0.69,1
MAD-01266,36,Femme,Marié(e),4,Alimentation,9.1,2346000,Non,Oui,Non,2,0,0,Non,558,2216000,12,0.94,0
MAD-01267,28,Femme,Célibataire,3,Électronique_Téléphonie,0.6,3204000,Non,Oui,Non,2,0,0,Non,427,3338000,12,1.04,1
MAD-01268,45,Homme,Marié(e),1,Quincaillerie,7.8,2276000,Oui,Non,Oui,0,0,0,Oui,603,683000,12,0.3,0
MAD-01269,45,Femme,Veuf(ve),3,Électronique_Téléphonie,6.1,3016000,Non,Oui,Oui,0,0,0,Non,547,5193000,24,1.72,0
MAD-01270,44,Femme,Célibataire,2,Électronique_Téléphonie,1.0,8036000,Non,Oui,Non,2,1,85,Oui,467,2459000,6,0.31,1
MAD-01271,54,Femme,Marié(e),4,Vêtements,11.7,3157000,Oui,Oui,Oui,3,0,0,Non,425,1003000,9,0.32,0
MAD-01272,53,Homme,Célibataire,3,Chaussures,11.6,2010000,Oui,Oui,Non,1,0,0,Non,577,2872000,24,1.43,0
MAD-01273,33,Homme,Marié(e),3,Cosmétiques,1.8,1449000,Oui,Oui,Oui,4,0,0,Non,582,300000,3,0.21,0
MAD-01274,42,Femme,Divorcé(e),2,Tissus_Pagnes,5.5,3337000,Non,Oui,Oui,0,1,77,Oui,467,6520000,24,1.95,1
MAD-01275,31,Femme,Marié(e),3,Divers,6.0,2126000,Non,Oui,Oui,3,0,0,Oui,578,2606000,24,1.23,0
MAD-01276,38,Femme,Célibataire,2,Vêtements,2.9,3475000,Oui,Oui,Non,1,0,0,Oui,624,3869000,24,1.11,1
MAD-01277,31,Femme,Veuf(ve),7,Vêtements,0.6,1232000,Oui,Non,Oui,1,0,0,Oui,756,300000,3,0.24,0
MAD-01278,55,Femme,Célibataire,1,Quincaillerie,5.0,4474000,Oui,Oui,Non,1,0,0,Oui,573,2180000,9,0.49,0
MAD-01279,42,Femme,Divorcé(e),1,Vêtements,3.9,1768000,Oui,Non,Oui,1,0,0,Non,537,2764000,18,1.56,1
MAD-01280,35,Homme,Marié(e),1,Alimentation,4.0,3154000,Oui,Oui,Non,2,1,82,Oui,341,586000,6,0.19,1
MAD-01281,51,Femme,Divorcé(e),5,Vêtements,1.7,2507000,Non,Oui,Oui,2,1,56,Non,469,1101000,9,0.44,1
MAD-01282,18,Femme,Célibataire,4,Chaussures,0.0,7611000,Oui,Oui,Oui,0,0,0,Oui,493,2417000,6,0.32,0
MAD-01283,18,Femme,Célibataire,4,Électronique_Téléphonie,9.6,3538000,Oui,Oui,Non,2,1,29,Oui,662,337000,3,0.1,0
MAD-01284,46,Homme,Marié(e),0,Alimentation,10.9,8951000,Oui,Oui,Non,1,0,0,Non,611,10040000,18,1.12,0
MAD-01285,38,Homme,Marié(e),5,Cosmétiques,7.5,4252000,Oui,Oui,Non,3,0,0,Oui,704,4106000,24,0.97,1
MAD-01286,40,Homme,Célibataire,3,Cosmétiques,4.2,6604000,Non,Oui,Non,0,0,0,Non,731,460000,3,0.07,0
MAD-01287,23,Femme,Marié(e),2,Cosmétiques,4.1,2760000,Non,Oui,Oui,2,0,0,Non,522,592000,3,0.21,0
MAD-01288,37,Femme,Célibataire,4,Cosmétiques,2.9,3664000,Non,Oui,Non,0,0,0,Non,568,3199000,9,0.87,0
MAD-01289,60,Homme,Divorcé(e),3,Divers,0.7,5803000,Oui,Non,Oui,0,1,89,Non,606,1037000,3,0.18,1
MAD-01290,47,Homme,Veuf(ve),4,Vêtements,17.0,5376000,Oui,Oui,Non,2,0,0,Non,637,3597000,12,0.67,1
MAD-01291,39,Femme,Marié(e),2,Vêtements,1.5,4006000,Non,Oui,Non,0,1,69,Non,543,2655000,12,0.66,0
MAD-01292,33,Femme,Veuf(ve),8,Cosmétiques,0.4,2482000,Oui,Oui,Non,3,0,0,Oui,712,1015000,9,0.41,0
MAD-01293,33,Femme,Marié(e),2,Tissus_Pagnes,1.6,2759000,Oui,Oui,Non,1,0,0,Oui,700,2900000,12,1.05,0
MAD-01294,18,Homme,Marié(e),3,Tissus_Pagnes,2.4,5602000,Oui,Oui,Non,1,0,0,Non,656,1020000,3,0.18,0
MAD-01295,40,Homme,Divorcé(e),2,Alimentation,2.9,6288000,Non,Oui,Non,1,0,0,Oui,725,314000,6,0.05,0
MAD-01296,47,Femme,Marié(e),0,Alimentation,3.5,2240000,Oui,Non,Oui,2,0,0,Oui,613,3561000,18,1.59,1
MAD-01297,20,Femme,Marié(e),3,Quincaillerie,9.2,2241000,Oui,Oui,Non,2,0,0,Non,666,552000,3,0.25,0
MAD-01298,30,Femme,Marié(e),3,Alimentation,20.4,2411000,Non,Oui,Non,1,1,15,Oui,561,1061000,6,0.44,0
MAD-01299,25,Femme,Marié(e),3,Cosmétiques,6.5,4863000,Oui,Oui,Oui,1,0,0,Oui,711,486000,12,0.1,0
MAD-01300,27,Femme,Divorcé(e),1,Chaussures,19.2,2350000,Oui,Non,Non,3,0,0,Non,556,821000,6,0.35,0
MAD-01301,38,Homme,Marié(e),1,Alimentation,1.5,4682000,Non,Oui,Oui,1,0,0,Oui,448,3399000,9,0.73,1
MAD-01302,18,Femme,Marié(e),3,Vêtements,6.6,4191000,Non,Oui,Non,1,0,0,Oui,658,5116000,18,1.22,0
MAD-01303,44,Femme,Célibataire,8,Vêtements,1.2,2228000,Oui,Oui,Non,1,0,0,Non,528,848000,6,0.38,0
MAD-01304,46,Femme,Marié(e),2,Tissus_Pagnes,6.8,7195000,Oui,Oui,Oui,2,0,0,Non,519,5227000,9,0.73,0
MAD-01305,35,Femme,Célibataire,1,Vêtements,0.8,1347000,Oui,Oui,Oui,1,1,54,Non,652,300000,3,0.22,0
MAD-01306,18,Femme,Veuf(ve),6,Cosmétiques,1.2,7405000,Oui,Oui,Non,0,1,19,Oui,678,7857000,12,1.06,0
MAD-01307,27,Femme,Célibataire,3,Vêtements,1.1,3558000,Non,Oui,Oui,1,0,0,Oui,569,1332000,6,0.37,0
MAD-01308,51,Femme,Divorcé(e),3,Alimentation,3.5,1051000,Non,Oui,Non,4,1,8,Non,313,1142000,18,1.09,1
MAD-01309,18,Homme,Marié(e),1,Alimentation,7.9,7336000,Oui,Oui,Oui,2,1,47,Oui,597,1775000,3,0.24,0
MAD-01310,34,Femme,Divorcé(e),3,Vêtements,0.1,5052000,Non,Oui,Oui,0,0,0,Non,659,2932000,12,0.58,0
MAD-01311,25,Femme,Marié(e),7,Vêtements,12.6,2715000,Oui,Oui,Oui,2,1,51,Non,590,1510000,18,0.56,1
MAD-01312,46,Femme,Marié(e),3,Quincaillerie,0.8,1764000,Oui,Oui,Non,1,0,0,Oui,662,1237000,12,0.7,0
MAD-01313,30,Homme,Célibataire,0,Alimentation,6.1,1431000,Non,Oui,Non,1,0,0,Non,583,1255000,12,0.88,0
MAD-01314,42,Femme,Marié(e),4,Tissus_Pagnes,2.2,11233000,Oui,Non,Non,2,0,0,Non,583,5491000,6,0.49,1
MAD-01315,44,Homme,Divorcé(e),2,Cosmétiques,0.4,1792000,Oui,Non,Non,4,1,67,Non,419,1316000,9,0.73,1
MAD-01316,58,Homme,Célibataire,4,Chaussures,1.8,1530000,Non,Oui,Non,3,1,89,Non,403,520000,6,0.34,1
MAD-01317,35,Femme,Veuf(ve),2,Cosmétiques,0.8,3452000,Oui,Oui,Oui,1,1,70,Oui,543,1119000,6,0.32,1
MAD-01318,42,Femme,Marié(e),5,Alimentation,1.7,1253000,Oui,Non,Oui,0,0,0,Non,650,491000,9,0.39,0
MAD-01319,21,Homme,Marié(e),3,Cosmétiques,0.0,1724000,Oui,Oui,Non,1,1,10,Non,676,1336000,12,0.77,0
MAD-01320,51,Femme,Célibataire,3,Vêtements,8.5,5368000,Oui,Oui,Oui,1,0,0,Non,493,836000,9,0.16,0
MAD-01321,29,Femme,Marié(e),3,Chaussures,8.7,4079000,Oui,Oui,Non,2,1,77,Oui,355,5766000,24,1.41,1
MAD-01322,31,Femme,Marié(e),2,Alimentation,12.5,2767000,Oui,Oui,Non,1,1,57,Non,500,4302000,12,1.55,0
MAD-01323,37,Femme,Célibataire,1,Chaussures,8.6,3246000,Oui,Oui,Non,0,0,0,Oui,528,606000,9,0.19,0
MAD-01324,20,Femme,Veuf(ve),0,Cosmétiques,24.8,3063000,Oui,Non,Non,1,0,0,Oui,636,1716000,9,0.56,0
MAD-01325,40,Femme,Célibataire,2,Cosmétiques,0.3,2868000,Non,Non,Non,1,1,23,Oui,447,1750000,9,0.61,0
MAD-01326,48,Femme,Marié(e),1,Alimentation,0.3,1954000,Non,Oui,Non,1,1,64,Oui,610,1249000,9,0.64,0
MAD-01327,41,Femme,Marié(e),1,Cosmétiques,0.7,2171000,Non,Oui,Non,2,1,60,Oui,436,445000,6,0.2,1
MAD-01328,20,Femme,Célibataire,5,Chaussures,2.7,2195000,Non,Oui,Oui,1,0,0,Oui,743,1407000,9,0.64,0
MAD-01329,36,Homme,Marié(e),1,Tissus_Pagnes,6.2,2170000,Non,Oui,Non,1,0,0,Oui,647,1171000,12,0.54,0
MAD-01330,46,Femme,Marié(e),4,Vêtements,0.5,5267000,Oui,Oui,Oui,0,0,0,Oui,525,716000,6,0.14,0
MAD-01331,18,Femme,Marié(e),2,Alimentation,4.4,4650000,Oui,Non,Non,2,0,0,Oui,808,2291000,6,0.49,0
MAD-01332,26,Femme,Marié(e),0,Vêtements,10.2,2077000,Oui,Oui,Non,1,1,39,Oui,585,934000,6,0.45,0
MAD-01333,47,Femme,Marié(e),6,Chaussures,14.8,1978000,Oui,Oui,Non,1,0,0,Oui,634,406000,6,0.21,1
MAD-01334,40,Femme,Marié(e),0,Vêtements,1.8,2767000,Non,Oui,Oui,1,0,0,Oui,594,743000,6,0.27,0
MAD-01335,42,Femme,Célibataire,5,Chaussures,10.6,9996000,Oui,Oui,Non,3,0,0,Oui,661,5258000,12,0.53,0
MAD-01336,58,Femme,Marié(e),3,Chaussures,3.5,1786000,Non,Oui,Oui,3,1,58,Non,560,370000,12,0.21,0
MAD-01337,43,Femme,Célibataire,4,Cosmétiques,0.7,2728000,Oui,Oui,Non,3,0,0,Oui,542,1267000,6,0.46,0
MAD-01338,45,Femme,Marié(e),1,Cosmétiques,0.7,3127000,Oui,Oui,Oui,2,0,0,Non,600,5879000,24,1.88,0
MAD-01339,67,Femme,Divorcé(e),4,Cosmétiques,2.1,2849000,Oui,Oui,Non,1,0,0,Oui,630,1710000,12,0.6,0
MAD-01340,35,Femme,Marié(e),1,Tissus_Pagnes,2.6,2377000,Oui,Non,Non,2,0,0,Oui,672,411000,3,0.17,0
MAD-01341,29,Femme,Marié(e),3,Alimentation,1.1,5616000,Oui,Oui,Non,2,0,0,Oui,673,6187000,18,1.1,1
MAD-01342,42,Femme,Marié(e),1,Électronique_Téléphonie,4.3,3927000,Non,Non,Oui,1,1,35,Oui,562,3037000,12,0.77,1
MAD-01343,42,Femme,Marié(e),4,Divers,5.0,4860000,Oui,Oui,Oui,2,0,0,Non,570,1078000,9,0.22,0
MAD-01344,32,Femme,Marié(e),1,Tissus_Pagnes,9.3,4369000,Non,Oui,Oui,2,0,0,Non,545,1849000,6,0.42,0
MAD-01345,26,Femme,Divorcé(e),2,Quincaillerie,1.1,4869000,Non,Oui,Oui,1,0,0,Non,492,2537000,18,0.52,0
MAD-01346,63,Femme,Divorcé(e),0,Divers,7.6,7298000,Oui,Non,Non,0,0,0,Oui,673,1650000,3,0.23,0
MAD-01347,41,Femme,Marié(e),3,Tissus_Pagnes,3.8,6265000,Non,Oui,Non,1,0,0,Oui,544,1788000,9,0.29,0
MAD-01348,29,Homme,Marié(e),3,Chaussures,6.0,10804000,Oui,Oui,Oui,4,0,0,Non,602,5023000,18,0.46,0
MAD-01349,48,Femme,Célibataire,3,Cosmétiques,4.7,5919000,Oui,Non,Non,3,0,0,Oui,641,6140000,18,1.04,0
MAD-01350,36,Femme,Célibataire,2,Vêtements,5.5,2212000,Oui,Non,Oui,1,0,0,Oui,620,1515000,12,0.68,0
MAD-01351,35,Femme,Marié(e),3,Alimentation,5.3,4873000,Oui,Oui,Oui,1,1,13,Oui,599,891000,3,0.18,0
MAD-01352,44,Homme,Célibataire,2,Tissus_Pagnes,17.2,4888000,Oui,Oui,Non,1,1,20,Non,508,1056000,6,0.22,0
MAD-01353,23,Femme,Marié(e),3,Électronique_Téléphonie,2.7,8586000,Oui,Oui,Oui,0,0,0,Non,644,9799000,18,1.14,0
MAD-01354,41,Femme,Célibataire,7,Vêtements,0.8,1762000,Non,Oui,Non,2,0,0,Oui,571,1390000,12,0.79,1
MAD-01355,59,Homme,Marié(e),3,Électronique_Téléphonie,0.7,4041000,Oui,Oui,Non,3,1,12,Oui,594,6363000,18,1.57,1
MAD-01356,43,Femme,Marié(e),5,Cosmétiques,4.0,2154000,Non,Non,Non,1,0,0,Non,704,407000,3,0.19,0
MAD-01357,33,Homme,Marié(e),3,Chaussures,1.8,3975000,Oui,Oui,Non,3,1,34,Oui,614,4135000,24,1.04,1
MAD-01358,32,Femme,Célibataire,3,Vêtements,2.2,2694000,Oui,Oui,Non,4,1,31,Oui,522,399000,6,0.15,0
MAD-01359,33,Femme,Marié(e),4,Tissus_Pagnes,0.2,3856000,Oui,Oui,Non,1,0,0,Oui,606,464000,6,0.12,0
MAD-01360,35,Femme,Célibataire,3,Alimentation,3.5,1467000,Oui,Oui,Non,0,0,0,Oui,763,1754000,18,1.2,0
MAD-01361,33,Femme,Célibataire,2,Vêtements,9.3,4855000,Oui,Oui,Oui,2,1,30,Oui,547,3415000,9,0.7,0
MAD-01362,48,Homme,Célibataire,4,Alimentation,2.6,3391000,Non,Oui,Non,2,0,0,Non,603,1468000,12,0.43,0
MAD-01363,18,Femme,Marié(e),3,Alimentation,2.0,3276000,Oui,Non,Non,0,0,0,Non,679,1908000,9,0.58,0
MAD-01364,47,Homme,Marié(e),4,Alimentation,1.7,8697000,Oui,Oui,Non,1,0,0,Non,639,8450000,18,0.97,1
MAD-01365,33,Femme,Marié(e),0,Cosmétiques,2.6,2475000,Non,Oui,Oui,0,0,0,Oui,566,1133000,6,0.46,0
MAD-01366,42,Femme,Célibataire,4,Tissus_Pagnes,18.4,4123000,Non,Oui,Oui,2,1,87,Oui,402,989000,3,0.24,1
MAD-01367,25,Homme,Divorcé(e),6,Vêtements,2.2,3192000,Non,Non,Non,0,0,0,Non,599,319000,12,0.1,1
MAD-01368,52,Femme,Marié(e),3,Électronique_Téléphonie,0.0,3298000,Oui,Oui,Oui,2,0,0,Oui,679,4995000,18,1.51,1
MAD-01369,51,Homme,Divorcé(e),2,Tissus_Pagnes,8.0,10279000,Non,Oui,Non,1,0,0,Oui,718,15946000,24,1.55,0
MAD-01370,48,Femme,Marié(e),0,Quincaillerie,0.1,3067000,Oui,Oui,Non,0,0,0,Oui,488,829000,6,0.27,0
MAD-01371,21,Homme,Marié(e),2,Cosmétiques,6.4,2357000,Non,Oui,Oui,0,0,0,Oui,758,1294000,12,0.55,0
MAD-01372,47,Femme,Marié(e),2,Alimentation,6.1,8460000,Oui,Oui,Oui,1,1,8,Oui,582,3001000,6,0.35,0
MAD-01373,42,Femme,Célibataire,3,Quincaillerie,11.8,2851000,Oui,Oui,Non,0,0,0,Oui,703,782000,6,0.27,0
MAD-01374,20,Femme,Marié(e),3,Électronique_Téléphonie,0.8,1247000,Non,Oui,Non,0,0,0,Non,533,300000,3,0.24,1
MAD-01375,37,Femme,Marié(e),1,Cosmétiques,2.9,2055000,Non,Non,Non,2,1,51,Oui,378,501000,6,0.24,0
MAD-01376,42,Femme,Célibataire,7,Tissus_Pagnes,17.6,2018000,Oui,Non,Non,1,0,0,Non,501,391000,6,0.19,0
MAD-01377,44,Femme,Marié(e),2,Tissus_Pagnes,2.6,1177000,Oui,Oui,Non,1,0,0,Non,590,650000,6,0.55,0
MAD-01378,39,Homme,Marié(e),2,Tissus_Pagnes,1.0,2453000,Non,Non,Non,1,0,0,Oui,647,879000,6,0.36,0
MAD-01379,41,Femme,Marié(e),2,Chaussures,13.7,3257000,Oui,Oui,Oui,0,0,0,Non,622,6722000,18,2.06,0
MAD-01380,54,Homme,Marié(e),4,Tissus_Pagnes,2.4,5734000,Oui,Oui,Non,2,0,0,Non,597,2326000,6,0.41,0
MAD-01381,51,Homme,Marié(e),1,Alimentation,0.2,4187000,Oui,Non,Non,1,0,0,Oui,720,5506000,18,1.32,0
MAD-01382,18,Femme,Marié(e),3,Alimentation,4.1,4201000,Oui,Oui,Oui,0,1,61,Non,528,2404000,18,0.57,0
MAD-01383,34,Femme,Célibataire,2,Alimentation,6.0,1990000,Oui,Oui,Non,0,0,0,Non,645,947000,9,0.48,0
MAD-01384,36,Femme,Marié(e),2,Vêtements,1.6,4860000,Non,Oui,Oui,1,0,0,Non,850,3508000,12,0.72,0
MAD-01385,18,Femme,Célibataire,4,Vêtements,3.2,6454000,Oui,Oui,Non,3,0,0,Oui,619,1642000,6,0.25,0
MAD-01386,39,Femme,Marié(e),3,Quincaillerie,5.5,3840000,Non,Oui,Non,0,1,67,Oui,436,538000,3,0.14,0
MAD-01387,51,Homme,Marié(e),2,Vêtements,5.7,3903000,Non,Non,Oui,2,0,0,Oui,643,3224000,12,0.83,0
MAD-01388,26,Femme,Marié(e),5,Vêtements,4.7,1616000,Oui,Oui,Non,0,1,61,Oui,594,1344000,12,0.83,0
MAD-01389,41,Femme,Marié(e),6,Vêtements,0.4,5295000,Non,Oui,Non,3,0,0,Oui,627,1187000,9,0.22,0
MAD-01390,27,Homme,Marié(e),4,Tissus_Pagnes,1.0,7907000,Oui,Oui,Non,1,0,0,Non,634,9312000,18,1.18,0
MAD-01391,30,Femme,Marié(e),4,Cosmétiques,9.7,3824000,Non,Oui,Non,0,0,0,Oui,733,3311000,12,0.87,0
MAD-01392,54,Femme,Divorcé(e),0,Tissus_Pagnes,5.4,2295000,Oui,Oui,Oui,1,0,0,Oui,742,900000,9,0.39,0
MAD-01393,32,Femme,Divorcé(e),3,Divers,4.6,2844000,Oui,Oui,Oui,0,0,0,Oui,609,350000,3,0.12,0
MAD-01394,43,Homme,Marié(e),0,Divers,12.3,2716000,Oui,Oui,Oui,0,0,0,Oui,562,3391000,18,1.25,0
MAD-01395,18,Femme,Célibataire,6,Électronique_Téléphonie,3.2,2522000,Non,Oui,Oui,0,0,0,Non,638,504000,24,0.2,0
MAD-01396,58,Femme,Célibataire,4,Électronique_Téléphonie,3.6,4332000,Oui,Oui,Oui,2,1,49,Non,488,3035000,12,0.7,1
MAD-01397,44,Femme,Divorcé(e),3,Vêtements,1.3,3488000,Non,Oui,Non,1,1,43,Oui,615,4152000,12,1.19,1
MAD-01398,35,Femme,Marié(e),4,Cosmétiques,3.3,5237000,Oui,Oui,Oui,6,0,0,Oui,658,393000,9,0.08,0
MAD-01399,44,Femme,Marié(e),4,Vêtements,3.4,3729000,Non,Non,Non,2,0,0,Oui,840,1765000,6,0.47,0
MAD-01400,22,Femme,Marié(e),5,Électronique_Téléphonie,0.5,1854000,Oui,Oui,Oui,2,1,56,Non,668,2401000,18,1.3,1
MAD-01401,51,Homme,Marié(e),2,Alimentation,4.5,2381000,Oui,Oui,Oui,0,0,0,Oui,522,639000,12,0.27,0
MAD-01402,34,Femme,Marié(e),4,Alimentation,1.2,2206000,Oui,Oui,Non,1,0,0,Oui,573,1416000,9,0.64,0
MAD-01403,35,Homme,Divorcé(e),2,Alimentation,9.9,2967000,Oui,Non,Non,1,0,0,Oui,447,2968000,12,1.0,1
MAD-01404,32,Femme,Divorcé(e),6,Cosmétiques,2.3,8006000,Non,Non,Non,2,0,0,Oui,407,2084000,9,0.26,0
MAD-01405,31,Femme,Marié(e),4,Chaussures,3.8,8782000,Non,Oui,Oui,1,0,0,Oui,610,1071000,3,0.12,0
MAD-01406,45,Femme,Marié(e),2,Alimentation,4.8,4830000,Oui,Oui,Non,2,0,0,Non,512,3419000,12,0.71,1
MAD-01407,40,Femme,Marié(e),4,Tissus_Pagnes,0.5,3173000,Oui,Oui,Oui,2,0,0,Oui,767,788000,3,0.25,0
MAD-01408,45,Homme,Marié(e),1,Vêtements,7.4,1621000,Oui,Non,Non,1,0,0,Oui,724,436000,6,0.27,0
MAD-01409,37,Homme,Célibataire,1,Électronique_Téléphonie,10.1,3641000,Non,Oui,Non,0,1,38,Oui,518,1251000,6,0.34,0
MAD-01410,43,Homme,Marié(e),1,Alimentation,2.0,1976000,Non,Oui,Oui,5,0,0,Oui,570,495000,6,0.25,0
MAD-01411,33,Femme,Divorcé(e),0,Alimentation,4.2,7378000,Non,Non,Non,0,0,0,Non,733,7828000,18,1.06,0
MAD-01412,62,Homme,Veuf(ve),2,Cosmétiques,3.4,1325000,Non,Oui,Non,0,0,0,Non,754,336000,3,0.25,0
MAD-01413,20,Femme,Célibataire,2,Cosmétiques,2.4,3726000,Oui,Oui,Oui,1,0,0,Non,536,1363000,6,0.37,0
MAD-01414,51,Homme,Célibataire,4,Électronique_Téléphonie,3.8,1943000,Oui,Oui,Oui,1,1,55,Non,441,1152000,12,0.59,0
MAD-01415,53,Femme,Marié(e),1,Cosmétiques,7.0,3152000,Non,Non,Non,1,0,0,Non,572,3263000,18,1.04,0
MAD-01416,28,Femme,Marié(e),0,Quincaillerie,2.2,4333000,Oui,Oui,Non,2,0,0,Non,658,1992000,12,0.46,0
MAD-01417,62,Femme,Marié(e),2,Vêtements,2.0,5249000,Oui,Non,Oui,3,1,20,Oui,543,4217000,24,0.8,1
MAD-01418,48,Femme,Célibataire,2,Vêtements,11.5,3206000,Oui,Oui,Oui,0,0,0,Non,660,3402000,12,1.06,0
MAD-01419,48,Femme,Marié(e),1,Divers,0.5,4511000,Non,Oui,Non,1,0,0,Non,775,5374000,12,1.19,0
MAD-01420,38,Homme,Divorcé(e),3,Alimentation,4.0,2175000,Non,Non,Oui,0,0,0,Non,473,300000,9,0.14,0
MAD-01421,35,Homme,Marié(e),2,Électronique_Téléphonie,5.4,3548000,Non,Oui,Non,3,0,0,Oui,559,1552000,6,0.44,0
MAD-01422,35,Homme,Marié(e),4,Alimentation,10.1,5436000,Oui,Oui,Non,1,0,0,Non,495,3904000,9,0.72,1
MAD-01423,42,Femme,Marié(e),3,Tissus_Pagnes,11.2,3887000,Oui,Oui,Oui,0,0,0,Oui,544,1308000,12,0.34,0
MAD-01424,53,Femme,Veuf(ve),5,Alimentation,1.3,2250000,Oui,Non,Oui,2,0,0,Non,593,1257000,12,0.56,0
MAD-01425,39,Femme,Marié(e),3,Cosmétiques,11.3,2876000,Non,Oui,Non,1,0,0,Oui,534,1515000,12,0.53,0
MAD-01426,27,Femme,Marié(e),2,Électronique_Téléphonie,9.2,5447000,Oui,Oui,Oui,2,0,0,Oui,666,6919000,12,1.27,0
MAD-01427,47,Femme,Marié(e),4,Alimentation,0.7,1644000,Non,Non,Oui,3,0,0,Oui,613,1966000,12,1.2,1
MAD-01428,48,Femme,Célibataire,0,Alimentation,6.5,1955000,Oui,Non,Oui,1,0,0,Non,646,414000,6,0.21,0
MAD-01429,45,Femme,Veuf(ve),0,Vêtements,2.2,4184000,Non,Non,Non,0,0,0,Non,572,549000,6,0.13,0
MAD-01430,46,Femme,Marié(e),2,Vêtements,4.7,2464000,Non,Oui,Non,2,0,0,Oui,580,1722000,9,0.7,0
MAD-01431,35,Femme,Divorcé(e),3,Vêtements,4.0,1450000,Oui,Non,Non,2,0,0,Oui,588,313000,3,0.22,0
MAD-01432,27,Femme,Marié(e),2,Divers,10.3,6527000,Non,Non,Oui,0,0,0,Oui,577,10507000,18,1.61,0
MAD-01433,28,Femme,Célibataire,3,Alimentation,1.9,1673000,Oui,Oui,Non,1,0,0,Oui,657,320000,6,0.19,0
MAD-01434,20,Homme,Marié(e),6,Tissus_Pagnes,3.3,2750000,Non,Non,Non,2,1,75,Oui,314,630000,3,0.23,1
MAD-01435,40,Femme,Marié(e),2,Tissus_Pagnes,1.9,2161000,Non,Oui,Oui,1,0,0,Non,625,1038000,12,0.48,0
MAD-01436,37,Homme,Célibataire,1,Vêtements,19.4,3093000,Oui,Non,Non,1,1,65,Non,444,1372000,6,0.44,0
MAD-01437,33,Femme,Marié(e),1,Vêtements,0.1,1821000,Oui,Oui,Non,3,0,0,Oui,589,941000,9,0.52,0
MAD-01438,18,Homme,Marié(e),4,Chaussures,6.6,4579000,Non,Oui,Oui,2,0,0,Non,459,2908000,6,0.64,0
MAD-01439,24,Homme,Divorcé(e),1,Cosmétiques,35.0,4194000,Non,Oui,Non,4,0,0,Oui,567,1749000,6,0.42,0
MAD-01440,50,Homme,Veuf(ve),7,Électronique_Téléphonie,4.6,5219000,Oui,Oui,Non,2,0,0,Non,645,3162000,12,0.61,0
MAD-01441,30,Femme,Marié(e),1,Vêtements,6.9,2323000,Non,Oui,Non,0,1,4,Oui,635,861000,6,0.37,0
MAD-01442,41,Femme,Célibataire,3,Cosmétiques,13.9,9978000,Oui,Oui,Oui,2,0,0,Non,513,5013000,9,0.5,0
MAD-01443,22,Femme,Célibataire,3,Quincaillerie,1.8,1092000,Oui,Non,Non,2,0,0,Oui,656,300000,6,0.27,1
MAD-01444,53,Femme,Marié(e),2,Électronique_Téléphonie,0.6,1255000,Oui,Oui,Non,2,1,60,Oui,632,1202000,9,0.96,1
MAD-01445,36,Femme,Divorcé(e),0,Quincaillerie,1.3,7797000,Oui,Oui,Non,0,0,0,Oui,575,6898000,9,0.88,0
MAD-01446,41,Femme,Marié(e),2,Vêtements,4.3,3968000,Oui,Oui,Oui,3,0,0,Non,620,642000,3,0.16,0
MAD-01447,63,Femme,Célibataire,1,Divers,3.9,3686000,Non,Oui,Oui,1,0,0,Non,413,3354000,12,0.91,1
MAD-01448,54,Femme,Marié(e),1,Électronique_Téléphonie,7.4,3972000,Oui,Oui,Non,4,1,66,Non,440,3919000,9,0.99,1
MAD-01449,34,Femme,Marié(e),6,Électronique_Téléphonie,2.0,4110000,Oui,Oui,Non,1,0,0,Non,644,8804000,24,2.14,0
MAD-01450,31,Femme,Marié(e),6,Cosmétiques,9.5,3773000,Non,Oui,Oui,1,1,45,Oui,618,3440000,18,0.91,0
MAD-01451,34,Homme,Marié(e),2,Divers,0.9,1766000,Non,Oui,Non,0,0,0,Non,546,892000,9,0.51,0
MAD-01452,43,Homme,Divorcé(e),3,Tissus_Pagnes,1.6,4687000,Non,Non,Oui,3,1,32,Non,792,300000,3,0.06,0
MAD-01453,36,Femme,Veuf(ve),4,Chaussures,3.0,4344000,Oui,Oui,Non,0,1,67,Oui,547,4050000,12,0.93,1
MAD-01454,33,Femme,Marié(e),2,Chaussures,5.8,6663000,Non,Oui,Non,2,1,14,Oui,464,5361000,9,0.8,1
MAD-01455,54,Femme,Marié(e),0,Chaussures,1.0,7835000,Oui,Non,Oui,1,0,0,Oui,735,12633000,18,1.61,1
MAD-01456,36,Femme,Marié(e),5,Chaussures,13.2,3944000,Oui,Non,Non,2,0,0,Oui,507,2693000,9,0.68,0
MAD-01457,63,Femme,Marié(e),4,Alimentation,6.6,1704000,Non,Oui,Non,1,1,61,Oui,538,343000,3,0.2,1
MAD-01458,38,Femme,Marié(e),4,Vêtements,4.1,7964000,Oui,Non,Non,0,0,0,Non,536,4786000,18,0.6,0
MAD-01459,57,Homme,Divorcé(e),5,Vêtements,3.6,1798000,Non,Oui,Non,3,1,72,Non,369,1431000,12,0.8,1
MAD-01460,41,Femme,Célibataire,6,Chaussures,1.5,3607000,Oui,Non,Non,1,1,33,Oui,657,460000,3,0.13,1
MAD-01461,48,Homme,Marié(e),2,Chaussures,1.0,2598000,Oui,Oui,Non,0,0,0,Non,596,2228000,12,0.86,1
MAD-01462,30,Femme,Marié(e),6,Électronique_Téléphonie,5.5,2499000,Oui,Oui,Oui,0,0,0,Non,775,882000,9,0.35,0
MAD-01463,28,Femme,Célibataire,4,Électronique_Téléphonie,1.5,4548000,Oui,Oui,Non,0,0,0,Non,528,2919000,9,0.64,0
MAD-01464,43,Homme,Marié(e),2,Cosmétiques,1.7,3435000,Oui,Oui,Oui,1,0,0,Non,479,5652000,18,1.65,1
MAD-01465,48,Femme,Marié(e),1,Alimentation,14.8,4367000,Oui,Non,Oui,1,0,0,Non,576,1776000,6,0.41,0
MAD-01466,38,Homme,Marié(e),5,Cosmétiques,2.1,1952000,Oui,Oui,Oui,0,0,0,Oui,850,390000,3,0.2,0
MAD-01467,23,Femme,Marié(e),4,Quincaillerie,0.8,2712000,Non,Oui,Non,2,1,30,Non,630,1321000,6,0.49,0
MAD-01468,23,Femme,Marié(e),3,Cosmétiques,0.8,1961000,Oui,Oui,Oui,1,0,0,Oui,669,3621000,18,1.85,0
MAD-01469,22,Femme,Célibataire,5,Quincaillerie,2.9,2738000,Oui,Oui,Oui,2,0,0,Oui,672,914000,6,0.33,0
MAD-01470,18,Homme,Marié(e),4,Divers,3.5,2876000,Oui,Non,Oui,2,0,0,Oui,576,2463000,12,0.86,1
MAD-01471,39,Femme,Célibataire,5,Vêtements,1.2,8193000,Oui,Oui,Oui,1,0,0,Non,850,9450000,12,1.15,0
MAD-01472,50,Homme,Marié(e),4,Chaussures,10.3,2874000,Oui,Oui,Non,1,0,0,Non,661,3883000,18,1.35,0
MAD-01473,37,Homme,Divorcé(e),3,Tissus_Pagnes,5.3,1078000,Non,Oui,Oui,4,1,47,Oui,562,300000,3,0.28,1
MAD-01474,18,Homme,Marié(e),2,Tissus_Pagnes,2.8,6455000,Non,Non,Oui,2,1,67,Non,588,783000,3,0.12,0
MAD-01475,35,Femme,Marié(e),1,Vêtements,4.6,3925000,Oui,Non,Non,0,0,0,Oui,505,7264000,24,1.85,0
MAD-01476,36,Homme,Marié(e),4,Vêtements,1.1,2785000,Non,Oui,Oui,0,1,86,Non,391,1211000,9,0.43,0
MAD-01477,61,Homme,Marié(e),0,Alimentation,8.0,2566000,Oui,Oui,Non,2,0,0,Oui,597,726000,3,0.28,0
MAD-01478,21,Femme,Marié(e),2,Cosmétiques,2.6,1835000,Oui,Non,Non,2,0,0,Non,709,577000,3,0.31,0
MAD-01479,33,Femme,Célibataire,5,Alimentation,4.0,8708000,Oui,Non,Non,2,0,0,Non,503,6830000,18,0.78,0
MAD-01480,56,Femme,Marié(e),4,Tissus_Pagnes,7.0,3253000,Oui,Oui,Oui,1,1,28,Oui,571,1904000,18,0.59,0
MAD-01481,42,Femme,Marié(e),2,Tissus_Pagnes,1.2,1173000,Oui,Oui,Non,4,0,0,Non,601,520000,9,0.44,1
MAD-01482,44,Homme,Marié(e),4,Tissus_Pagnes,0.1,3545000,Oui,Oui,Non,0,1,7,Non,467,1018000,6,0.29,0
MAD-01483,39,Femme,Célibataire,3,Électronique_Téléphonie,1.9,5799000,Oui,Oui,Non,1,0,0,Oui,574,6732000,12,1.16,1
MAD-01484,41,Femme,Divorcé(e),4,Tissus_Pagnes,11.4,3566000,Oui,Oui,Oui,1,1,55,Non,586,347000,3,0.1,1
MAD-01485,46,Femme,Célibataire,0,Alimentation,1.4,1843000,Oui,Non,Non,1,0,0,Non,486,2551000,18,1.38,1
MAD-01486,29,Femme,Célibataire,2,Divers,5.0,1865000,Non,Oui,Non,1,1,2,Oui,724,1041000,6,0.56,0
MAD-01487,47,Femme,Célibataire,2,Électronique_Téléphonie,7.0,1996000,Non,Non,Non,1,0,0,Oui,642,944000,6,0.47,0
MAD-01488,22,Homme,Célibataire,0,Cosmétiques,1.4,6873000,Oui,Oui,Non,1,0,0,Non,651,2856000,6,0.42,0
MAD-01489,41,Femme,Marié(e),2,Chaussures,7.4,3066000,Oui,Oui,Non,2,1,39,Non,562,499000,3,0.16,0
MAD-01490,39,Femme,Célibataire,3,Alimentation,14.7,1616000,Oui,Oui,Non,3,0,0,Non,521,1014000,6,0.63,0
MAD-01491,31,Homme,Célibataire,2,Chaussures,0.4,3666000,Non,Oui,Oui,0,1,18,Non,514,2296000,12,0.63,1
MAD-01492,37,Femme,Marié(e),1,Alimentation,2.5,3272000,Oui,Non,Oui,3,0,0,Non,652,2416000,9,0.74,0
MAD-01493,31,Femme,Célibataire,3,Tissus_Pagnes,0.3,2320000,Oui,Oui,Non,0,1,46,Oui,492,1514000,12,0.65,0
MAD-01494,26,Femme,Marié(e),5,Alimentation,10.0,1988000,Non,Oui,Oui,2,0,0,Oui,616,300000,6,0.15,0
MAD-01495,34,Homme,Marié(e),4,Chaussures,7.0,1858000,Oui,Non,Non,1,0,0,Oui,539,575000,6,0.31,0
MAD-01496,25,Homme,Marié(e),2,Vêtements,1.3,5416000,Oui,Oui,Non,3,0,0,Oui,660,2653000,9,0.49,0
MAD-01497,41,Femme,Célibataire,4,Vêtements,4.9,3536000,Non,Oui,Non,1,0,0,Non,647,1742000,9,0.49,1
MAD-01498,25,Femme,Divorcé(e),3,Alimentation,2.6,3927000,Non,Non,Oui,1,0,0,Non,453,985000,6,0.25,0
MAD-01499,45,Femme,Marié(e),4,Chaussures,1.6,3432000,Oui,Oui,Non,0,1,86,Oui,497,4570000,18,1.33,1
MAD-01500,25,Femme,Marié(e),4,Vêtements,6.0,3722000,Oui,Oui,Non,1,1,35,Non,430,857000,3,0.23,0
